0.000000000000000000e+00,1.000000000000000000e+00,-6.799801632715336552e-01,-1.221001221001216663e-02,-1.587301587301226391e-02
1.994371414184570312e-03,1.000000000000000000e+00,-6.799801632715336552e-01,-1.221001221001216663e-02,4.761904761905100258e-02
3.989219665527343750e-03,3.000000000000000000e+00,2.191577019913015789e-01,-1.221001221001216663e-02,-1.587301587301226391e-02
5.983829498291015625e-03,4.000000000000000000e+00,1.764324406805517498e-01,-1.221001221001216663e-02,-1.587301587301226391e-02
7.978677749633789062e-03,1.000000000000000000e+00,-6.799801632715336552e-01,-1.221001221001216663e-02,-4.761904761905100258e-02
9.973287582397460938e-03,2.000000000000000000e+00,-1.759174486915389579e+00,-1.221001221001216663e-02,-1.587301587301226391e-02
1.367084980010986328e-01,1.000000000000000000e+00,-6.799801632715336552e-01,-1.221001221001216663e-02,1.587301587301226391e-02
1.402523517608642578e-01,1.000000000000000000e+00,-6.651026169222546969e-01,1.355311355311357602e+00,4.769841269841269593e+01
1.442024707794189453e-01,1.000000000000000000e+00,-6.303883421072704607e-01,3.772893772893773701e+00,3.982539682539682246e+01
1.481890678405761719e-01,1.000000000000000000e+00,-5.968184939345384521e-01,5.360195360195362468e+00,4.366666666666667140e+01
1.521825790405273438e-01,1.000000000000000000e+00,-5.685893034256501721e-01,5.824175824175824800e+00,4.442857142857143060e+01
1.556179523468017578e-01,1.000000000000000000e+00,-5.525673304341189862e-01,5.555555555555557135e+00,4.776190476190475920e+01
1.594748497009277344e-01,1.000000000000000000e+00,-5.369268329900052095e-01,5.042735042735046136e+00,4.611111111111111427e+01
1.624701023101806641e-01,1.000000000000000000e+00,-5.270084687571525706e-01,4.554334554334552365e+00,4.553968253968254487e+01
1.664590835571289062e-01,1.000000000000000000e+00,-5.144197756923780673e-01,4.065934065934065700e+00,4.744444444444444287e+01
1.704483032226562500e-01,1.000000000000000000e+00,-5.014496070801861549e-01,3.797313797313798034e+00,4.414285714285713880e+01
1.744339466094970703e-01,1.000000000000000000e+00,-4.869535362783246057e-01,3.797313797313798034e+00,4.369841269841269593e+01
1.779386997222900391e-01,1.000000000000000000e+00,-4.716945143816282382e-01,3.919413919413919700e+00,4.236507936507936734e+01
1.819272041320800781e-01,1.000000000000000000e+00,-4.530022125581751880e-01,4.188034188034187366e+00,4.842857142857143060e+01
1.859164237976074219e-01,1.000000000000000000e+00,-4.335469596398873193e-01,4.432234432234430699e+00,4.017460317460317754e+01
1.899058818817138672e-01,1.000000000000000000e+00,-4.137102311741820415e-01,4.603174603174601032e+00,4.811111111111111427e+01
1.938958168029785156e-01,1.000000000000000000e+00,-3.919661249713897178e-01,4.871794871794868698e+00,4.058730158730158166e+01
1.978843212127685547e-01,1.000000000000000000e+00,-3.694590676737625756e-01,5.140415140415143469e+00,4.068253968253968367e+01
2.018740177154541016e-01,1.000000000000000000e+00,-3.511482413977269346e-01,4.945054945054941697e+00,4.477777777777777146e+01
2.058634757995605469e-01,1.000000000000000000e+00,-3.351262684061957486e-01,4.652014652014649698e+00,4.296825396825396126e+01
2.098548412322998047e-01,1.000000000000000000e+00,-3.187228198672471535e-01,4.383394383394382032e+00,4.658730158730158166e+01
2.138419151306152344e-01,1.000000000000000000e+00,-3.030823224231333768e-01,4.285714285714284699e+00,4.017460317460317754e+01
2.178318500518798828e-01,1.000000000000000000e+00,-2.859159227893499633e-01,4.285714285714284699e+00,3.817460317460317754e+01
2.218213081359863281e-01,1.000000000000000000e+00,-2.691309987029839590e-01,4.261294261294260366e+00,3.693650793650793673e+01
2.258071899414062500e-01,1.000000000000000000e+00,-2.531090257114527731e-01,4.188034188034187366e+00,3.553968253968254487e+01
2.297990322113037109e-01,1.000000000000000000e+00,-2.370870527199198108e-01,4.090354090354090033e+00,3.414285714285713880e+01
2.337884902954101562e-01,1.000000000000000000e+00,-2.214465552758060340e-01,4.065934065934065700e+00,3.255555555555555713e+01
2.377781867980957031e-01,1.000000000000000000e+00,-2.054245822842748481e-01,4.041514041514041367e+00,3.119047619047618980e+01
2.417669296264648438e-01,1.000000000000000000e+00,-1.897840848401610714e-01,4.017094017094017033e+00,2.947619047619048160e+01
2.459082603454589844e-01,1.000000000000000000e+00,-1.733806363012124763e-01,3.943833943833944033e+00,2.820634920634920206e+01
2.498977184295654297e-01,1.000000000000000000e+00,-1.588845654993509271e-01,3.870573870573871034e+00,2.709523809523810201e+01
2.538869380950927734e-01,1.000000000000000000e+00,-1.462958724345764239e-01,3.626373626373627701e+00,2.617460317460317754e+01
2.578725814819335938e-01,1.000000000000000000e+00,-1.363775082017237850e-01,3.260073260073262702e+00,2.566666666666667140e+01
2.611539363861083984e-01,1.000000000000000000e+00,-1.279850461585407828e-01,3.040293040293043703e+00,2.519047619047618980e+01
2.651488780975341797e-01,1.000000000000000000e+00,-1.176852063782707347e-01,2.893772893772890598e+00,2.417460317460317754e+01
2.685601711273193359e-01,1.000000000000000000e+00,-1.073853665980006866e-01,2.942612942612939264e+00,2.347619047619048160e+01
2.720715999603271484e-01,1.000000000000000000e+00,-9.632257572289582015e-02,3.015873015873019369e+00,2.249206349206349387e+01
2.755742073059082031e-01,1.000000000000000000e+00,-8.487830930037354449e-02,3.064713064713068036e+00,2.131746031746031633e+01
2.790853977203369141e-01,1.000000000000000000e+00,-7.114518959334681369e-02,3.308913308913311369e+00,1.950793650793650613e+01
2.825946807861328125e-01,1.000000000000000000e+00,-5.512321660181562777e-02,3.699633699633700701e+00,1.747619047619048160e+01
2.865908145904541016e-01,1.000000000000000000e+00,-3.719386587319739590e-02,3.943833943833944033e+00,1.534920634920635507e+01
2.900938987731933594e-01,1.000000000000000000e+00,-2.231631952391843754e-02,4.017094017094017033e+00,1.366666666666667140e+01
2.940902709960937500e-01,1.000000000000000000e+00,-7.438773174639479180e-03,3.894993894993895367e+00,1.246031746031745513e+01
2.974264621734619141e-01,1.000000000000000000e+00,2.479591058213159727e-03,3.699633699633700701e+00,1.160317460317460814e+01
3.014233112335205078e-01,1.000000000000000000e+00,1.621271076523989052e-02,3.553113553113554701e+00,1.030158730158730407e+01
3.049266338348388672e-01,1.000000000000000000e+00,2.841992828259698456e-02,3.553113553113554701e+00,9.253968253968253066e+00
3.084304332733154297e-01,1.000000000000000000e+00,4.291599908445853373e-02,3.748473748473749367e+00,7.095238095238102005e+00
3.119413852691650391e-01,1.000000000000000000e+00,6.313420309758122073e-02,4.334554334554333366e+00,4.555555555555557135e+00
3.154511451721191406e-01,1.000000000000000000e+00,8.297093156328649854e-02,4.700854700854698365e+00,3.920634920634924470e+00
3.189623355865478516e-01,1.000000000000000000e+00,9.632257572289582015e-02,4.432234432234430699e+00,1.031746031746038739e+00
3.224720954895019531e-01,1.000000000000000000e+00,1.089112687876703234e-01,4.163614163614163033e+00,5.873015873015816624e-01
3.264679908752441406e-01,1.000000000000000000e+00,1.222629129472796450e-01,3.894993894993895367e+00,-2.063492063492020634e-01
3.304572105407714844e-01,1.000000000000000000e+00,1.348516060120541482e-01,3.675213675213676368e+00,-1.253968253968253066e+00
3.344466686248779297e-01,1.000000000000000000e+00,1.470588235294112422e-01,3.479853479853481701e+00,-1.857142857142854098e+00
3.380007743835449219e-01,1.000000000000000000e+00,1.573586633096812903e-01,3.211233211233214035e+00,-2.587301587301588768e+00
3.420398235321044922e-01,1.000000000000000000e+00,1.657511253528642925e-01,2.844932844932841931e+00,-2.523809523809525501e+00
3.456320762634277344e-01,1.000000000000000000e+00,1.707103074692906119e-01,2.429792429792428266e+00,-2.492063492063493868e+00
3.487336635589599609e-01,1.000000000000000000e+00,1.741435873960472946e-01,2.063492063492063266e+00,-1.888888888888885731e+00
3.519334793090820312e-01,1.000000000000000000e+00,1.764324406805517498e-01,1.648351648351649601e+00,-1.380952380952379599e+00
3.561139106750488281e-01,1.000000000000000000e+00,1.775768673228039773e-01,1.184371184371187269e+00,-1.317460317460316332e+00
3.601024150848388672e-01,1.000000000000000000e+00,1.836804760814825244e-01,1.306471306471308935e+00,-1.380952380952379599e+00
3.640763759613037109e-01,1.000000000000000000e+00,1.928358892195003449e-01,1.648351648351649601e+00,-2.396825396825398968e+00
3.680803775787353516e-01,1.000000000000000000e+00,2.019913023575181654e-01,1.868131868131868600e+00,-3.539682539682537765e+00
3.720719814300537109e-01,1.000000000000000000e+00,2.092393377584489400e-01,1.843711843711844267e+00,-4.841269841269841834e+00
3.756771087646484375e-01,1.000000000000000000e+00,2.161058976119623054e-01,1.868131868131868600e+00,-5.539682539682537765e+00
3.798034191131591797e-01,1.000000000000000000e+00,2.233539330128930800e-01,1.819291819291819934e+00,-5.888888888888885731e+00
3.837125301361083984e-01,1.000000000000000000e+00,2.286945906767368086e-01,1.648351648351649601e+00,-6.015873015873019369e+00
3.877010345458984375e-01,1.000000000000000000e+00,2.321278706034934913e-01,1.355311355311357602e+00,-6.111111111111114269e+00
3.916425704956054688e-01,1.000000000000000000e+00,2.344167238879979465e-01,1.135531135531138602e+00,-5.539682539682537765e+00
3.956804275512695312e-01,1.000000000000000000e+00,2.332722972457457189e-01,6.227106227106204983e-01,-4.396825396825398968e+00
3.996691703796386719e-01,1.000000000000000000e+00,2.286945906767368086e-01,6.105006105006083317e-02,-4.460317460317462235e+00
4.036583900451660156e-01,1.000000000000000000e+00,2.294575417715716270e-01,1.098901098901094997e-01,-3.253968253968253066e+00
4.075994491577148438e-01,1.000000000000000000e+00,2.306019684138238546e-01,1.343101343101338330e-01,-2.873015873015873467e+00
4.111473560333251953e-01,1.000000000000000000e+00,2.286945906767368086e-01,-6.105006105006083317e-02,-2.523809523809525501e+00
4.150915145874023438e-01,1.000000000000000000e+00,2.244983596551453076e-01,-3.785103785103771656e-01,-1.825396825396822464e+00
4.186875820159912109e-01,1.000000000000000000e+00,2.210650797283886249e-01,-5.738705738705718318e-01,-1.190476190476189799e+00
4.222955703735351562e-01,1.000000000000000000e+00,2.180132753490493513e-01,-6.471306471306448316e-01,-5.555555555555571345e-01
4.263396263122558594e-01,1.000000000000000000e+00,2.145799954222926686e-01,-7.203907203907178314e-01,-1.587301587301226391e-02
4.298918247222900391e-01,1.000000000000000000e+00,2.115281910429533951e-01,-7.692307692307664979e-01,4.920634920634938680e-01
4.335043430328369141e-01,1.000000000000000000e+00,2.080949111161967124e-01,-8.424908424908394977e-01,8.730158730158734670e-01
4.371066093444824219e-01,1.000000000000000000e+00,2.046616311894400297e-01,-8.669108669108638310e-01,1.380952380952379599e+00
4.407045841217041016e-01,1.000000000000000000e+00,2.019913023575181654e-01,-8.424908424908394977e-01,1.730158730158734670e+00
4.443027973175048828e-01,1.000000000000000000e+00,1.989394979781788919e-01,-8.424908424908394977e-01,1.984126984126987736e+00
4.474258422851562500e-01,1.000000000000000000e+00,1.970321202410918460e-01,-7.936507936507908312e-01,2.111111111111114269e+00
4.504458904266357422e-01,1.000000000000000000e+00,1.951247425040048000e-01,-7.692307692307664979e-01,2.301587301587304069e+00
4.534311294555664062e-01,1.000000000000000000e+00,1.935988403143351633e-01,-6.959706959706934981e-01,2.460317460317455129e+00
4.563648700714111328e-01,1.000000000000000000e+00,1.920729381246655265e-01,-6.471306471306448316e-01,2.428571428571430602e+00
4.593195915222167969e-01,1.000000000000000000e+00,1.909285114824132989e-01,-5.738705738705718318e-01,2.460317460317455129e+00
4.621639251708984375e-01,1.000000000000000000e+00,1.901655603875784806e-01,-5.006105006104988320e-01,2.492063492063493868e+00
4.649970531463623047e-01,1.000000000000000000e+00,1.890211337453262530e-01,-4.761904761904744987e-01,2.650793650793644929e+00
4.678242206573486328e-01,1.000000000000000000e+00,1.874952315556566163e-01,-5.006105006104988320e-01,2.873015873015873467e+00
4.706616401672363281e-01,1.000000000000000000e+00,1.852063782711521611e-01,-5.738705738705718318e-01,3.158730158730165272e+00
4.735059738159179688e-01,1.000000000000000000e+00,1.825360494392302968e-01,-6.715506715506691648e-01,3.634920634920632665e+00
4.763669967651367188e-01,1.000000000000000000e+00,1.794842450598910233e-01,-7.936507936507908312e-01,4.111111111111114269e+00
4.792580604553222656e-01,1.000000000000000000e+00,1.756694895857169314e-01,-9.157509157509124975e-01,4.714285714285708195e+00
4.821040630340576172e-01,1.000000000000000000e+00,1.714732585641254303e-01,-1.037851037851041269e+00,5.444444444444442865e+00
4.849190711975097656e-01,1.000000000000000000e+00,1.668955519951165201e-01,-1.208791208791211602e+00,6.555555555555557135e+00
4.877402782440185547e-01,1.000000000000000000e+00,1.604104676890205639e-01,-1.477411477411479268e+00,7.571428571428569398e+00
4.905331134796142578e-01,1.000000000000000000e+00,1.531624322880897893e-01,-1.770451770451771267e+00,8.301587301587304069e+00
4.933431148529052734e-01,1.000000000000000000e+00,1.466773479819938331e-01,-1.892551892551892934e+00,9.222222222222228538e+00
4.961376190185546875e-01,1.000000000000000000e+00,1.405737392233152860e-01,-1.965811965811965933e+00,1.020634920634920206e+01
4.989244937896728516e-01,1.000000000000000000e+00,1.337071793698019206e-01,-2.087912087912087600e+00,1.119047619047618980e+01
5.017659664154052734e-01,1.000000000000000000e+00,1.268406195162885552e-01,-2.185592185592184933e+00,1.204761904761905100e+01
5.045623779296875000e-01,1.000000000000000000e+00,1.207370107576100082e-01,-2.161172161172160600e+00,1.274603174603174693e+01
5.073215961456298828e-01,1.000000000000000000e+00,1.157778286411836888e-01,-2.112332112332111933e+00,1.347619047619048160e+01
5.100681781768798828e-01,1.000000000000000000e+00,1.100556954299225509e-01,-2.087912087912087600e+00,1.385714285714286120e+01
5.128028392791748047e-01,1.000000000000000000e+00,1.047150377660788223e-01,-2.039072039072038933e+00,1.439682539682539186e+01
5.156078338623046875e-01,1.000000000000000000e+00,9.937438010223509366e-02,-2.014652014652014600e+00,1.490476190476189799e+01
5.184154510498046875e-01,1.000000000000000000e+00,9.403372243839136502e-02,-2.014652014652014600e+00,1.550793650793650613e+01
5.212247371673583984e-01,1.000000000000000000e+00,8.793011367971281800e-02,-2.063492063492063266e+00,1.620634920634920206e+01
5.240209102630615234e-01,1.000000000000000000e+00,8.144502937361686179e-02,-2.087912087912087600e+00,1.665079365079364493e+01
5.267891883850097656e-01,1.000000000000000000e+00,7.534142061493831477e-02,-2.112332112332111933e+00,1.712698412698412653e+01
5.295772552490234375e-01,1.000000000000000000e+00,7.000076295109458613e-02,-2.087912087912087600e+00,1.769841269841269593e+01
5.323879718780517578e-01,1.000000000000000000e+00,6.427862973983344830e-02,-2.063492063492063266e+00,1.820634920634920206e+01
5.351839065551757812e-01,1.000000000000000000e+00,5.893797207598971966e-02,-2.039072039072038933e+00,1.871428571428570820e+01
5.379762649536132812e-01,1.000000000000000000e+00,5.397878995956340020e-02,-1.965811965811965933e+00,1.925396825396825307e+01
5.408291816711425781e-01,1.000000000000000000e+00,4.863813229571967156e-02,-1.941391941391941600e+00,1.973015873015873467e+01
5.436215400695800781e-01,1.000000000000000000e+00,4.367895017929335211e-02,-1.916971916971917267e+00,2.017460317460317754e+01
5.464155673980712891e-01,1.000000000000000000e+00,3.910124361028444184e-02,-1.843711843711844267e+00,2.065079365079364493e+01
5.492298603057861328e-01,1.000000000000000000e+00,3.452353704127553158e-02,-1.794871794871795601e+00,2.103174603174603874e+01
5.519776344299316406e-01,1.000000000000000000e+00,3.032730601968403050e-02,-1.746031746031746934e+00,2.128571428571429180e+01
5.547671318054199219e-01,1.000000000000000000e+00,2.613107499809252943e-02,-1.672771672771673934e+00,2.144444444444444287e+01
5.576424598693847656e-01,1.000000000000000000e+00,2.269779507133584673e-02,-1.575091575091576601e+00,2.182539682539682246e+01
5.605041980743408203e-01,1.000000000000000000e+00,1.964599069199657322e-02,-1.452991452991454935e+00,2.198412698412698774e+01
5.633206367492675781e-01,1.000000000000000000e+00,1.659418631265729971e-02,-1.379731379731381935e+00,2.217460317460317754e+01
5.662214756011962891e-01,1.000000000000000000e+00,1.316090638590061701e-02,-1.306471306471308935e+00,2.211111111111111427e+01
5.690436363220214844e-01,1.000000000000000000e+00,1.049057755397875269e-02,-1.208791208791211602e+00,2.223809523809524080e+01
5.718665122985839844e-01,1.000000000000000000e+00,8.201724269474297557e-03,-1.111111111111114269e+00,2.223809523809524080e+01
5.746314525604248047e-01,1.000000000000000000e+00,6.675822079804660802e-03,-1.013431013431016936e+00,2.236507936507936734e+01
5.774223804473876953e-01,1.000000000000000000e+00,4.768444342717614859e-03,-9.157509157509124975e-01,2.226984126984126533e+01
5.801708698272705078e-01,1.000000000000000000e+00,3.624017700465387293e-03,-8.180708180708151644e-01,2.220634920634920206e+01
5.827724933624267578e-01,1.000000000000000000e+00,2.861066605630568915e-03,-7.203907203907178314e-01,2.217460317460317754e+01
5.851836204528808594e-01,1.000000000000000000e+00,1.716639963378341349e-03,-6.227106227106204983e-01,2.220634920634920206e+01
5.876908302307128906e-01,1.000000000000000000e+00,9.536888685435229718e-04,-5.738705738705718318e-01,2.214285714285713880e+01
5.901806354522705078e-01,1.000000000000000000e+00,5.722133211261137831e-04,-4.761904761904744987e-01,2.201587301587301226e+01
5.926806926727294922e-01,1.000000000000000000e+00,1.907377737087045944e-04,-4.029304029304014989e-01,2.188888888888888573e+01
5.951991081237792969e-01,1.000000000000000000e+00,1.907377737087045944e-04,-3.296703296703284991e-01,2.176190476190475920e+01
5.977592468261718750e-01,1.000000000000000000e+00,1.907377737087045944e-04,-2.564102564102554993e-01,2.163492063492063266e+01
6.003117561340332031e-01,1.000000000000000000e+00,5.722133211261137831e-04,-1.831501831501824995e-01,2.138095238095237960e+01
6.028723716735839844e-01,1.000000000000000000e+00,9.536888685435229718e-04,-1.098901098901094997e-01,2.128571428571429180e+01
6.053318977355957031e-01,1.000000000000000000e+00,1.335164415960932160e-03,-3.663003663003649990e-02,2.106349206349206327e+01
6.077253818511962891e-01,1.000000000000000000e+00,2.098115510795750538e-03,3.663003663003649990e-02,2.090476190476189799e+01
6.101806163787841797e-01,1.000000000000000000e+00,2.861066605630568915e-03,8.547008547008516643e-02,2.065079365079364493e+01
6.126759052276611328e-01,1.000000000000000000e+00,4.005493247882796481e-03,1.587301587301581662e-01,2.052380952380951840e+01
6.150724887847900391e-01,1.000000000000000000e+00,5.149919890135024048e-03,2.319902319902311660e-01,2.036507936507936734e+01
6.174747943878173828e-01,1.000000000000000000e+00,5.912870984969842425e-03,2.564102564102554993e-01,2.001587301587301226e+01
6.198487281799316406e-01,1.000000000000000000e+00,7.438773174639479180e-03,3.296703296703284991e-01,1.982539682539682246e+01
6.222591400146484375e-01,1.000000000000000000e+00,8.583199816891706746e-03,3.540903540903528324e-01,1.966666666666667140e+01
6.247301101684570312e-01,1.000000000000000000e+00,9.727626459143934312e-03,3.785103785103771656e-01,1.950793650793650613e+01
6.271283626556396484e-01,1.000000000000000000e+00,1.087205310139616188e-02,4.029304029304014989e-01,1.934920634920635507e+01
6.296136379241943359e-01,1.000000000000000000e+00,1.201647974364838944e-02,4.029304029304014989e-01,1.900000000000000000e+01
6.320106983184814453e-01,1.000000000000000000e+00,1.316090638590061701e-02,4.273504273504258322e-01,1.900000000000000000e+01
6.344952583312988281e-01,1.000000000000000000e+00,1.430533302815284458e-02,4.273504273504258322e-01,1.893650793650793673e+01
6.369853019714355469e-01,1.000000000000000000e+00,1.544975967040507214e-02,4.273504273504258322e-01,1.884126984126983473e+01
6.395161151885986328e-01,1.000000000000000000e+00,1.659418631265729971e-02,4.517704517704501654e-01,1.877777777777777146e+01
6.421170234680175781e-01,1.000000000000000000e+00,1.773861295490952728e-02,4.273504273504258322e-01,1.855555555555555713e+01
6.445786952972412109e-01,1.000000000000000000e+00,1.850156404974434565e-02,4.029304029304014989e-01,1.855555555555555713e+01
6.470756530761718750e-01,1.000000000000000000e+00,1.888303959716175484e-02,3.540903540903528324e-01,1.852380952380951840e+01
6.495661735534667969e-01,1.000000000000000000e+00,1.964599069199657322e-02,3.540903540903528324e-01,1.842857142857143060e+01
6.519534587860107422e-01,1.000000000000000000e+00,2.040894178683139160e-02,3.296703296703284991e-01,1.839682539682539186e+01
6.544296741485595703e-01,1.000000000000000000e+00,2.155336842908361916e-02,3.296703296703284991e-01,1.839682539682539186e+01
6.569600105285644531e-01,1.000000000000000000e+00,2.231631952391843754e-02,3.296703296703284991e-01,1.833333333333332860e+01
6.594862937927246094e-01,1.000000000000000000e+00,2.307927061875325592e-02,3.296703296703284991e-01,1.817460317460317754e+01
6.619606018066406250e-01,1.000000000000000000e+00,2.384222171358807429e-02,3.296703296703284991e-01,1.811111111111111427e+01
6.644601821899414062e-01,1.000000000000000000e+00,2.460517280842289267e-02,3.296703296703284991e-01,1.798412698412698774e+01
6.670894622802734375e-01,1.000000000000000000e+00,2.574959945067512024e-02,3.296703296703284991e-01,1.782539682539682246e+01
6.696100234985351562e-01,1.000000000000000000e+00,2.689402609292734780e-02,3.540903540903528324e-01,1.779365079365079794e+01
6.721472740173339844e-01,1.000000000000000000e+00,2.765697718776216618e-02,3.540903540903528324e-01,1.769841269841269593e+01
6.746261119842529297e-01,1.000000000000000000e+00,2.880140383001439375e-02,3.540903540903528324e-01,1.747619047619048160e+01
6.770470142364501953e-01,1.000000000000000000e+00,2.956435492484921213e-02,3.540903540903528324e-01,1.738095238095237960e+01
6.796083450317382812e-01,1.000000000000000000e+00,3.032730601968403050e-02,3.296703296703284991e-01,1.734920634920635507e+01
6.821546554565429688e-01,1.000000000000000000e+00,3.109025711451884888e-02,3.296703296703284991e-01,1.725396825396825307e+01
6.846880912780761719e-01,1.000000000000000000e+00,3.223468375677107645e-02,3.296703296703284991e-01,1.719047619047618980e+01
6.872303485870361328e-01,1.000000000000000000e+00,3.337911039902330401e-02,3.785103785103771656e-01,1.706349206349206327e+01
6.897532939910888672e-01,1.000000000000000000e+00,3.414206149385812239e-02,3.785103785103771656e-01,1.677777777777777146e+01
6.922719478607177734e-01,1.000000000000000000e+00,3.566796368352775914e-02,4.273504273504258322e-01,1.665079365079364493e+01
6.949038505554199219e-01,1.000000000000000000e+00,3.719386587319739590e-02,4.517704517704501654e-01,1.642857142857143060e+01
6.974222660064697266e-01,1.000000000000000000e+00,3.910124361028444184e-02,5.006105006104988320e-01,1.633333333333332860e+01
7.000474929809570312e-01,1.000000000000000000e+00,4.062714579995407860e-02,5.250305250305231652e-01,1.595238095238094900e+01
7.027475833892822266e-01,1.000000000000000000e+00,4.215304798962371535e-02,5.494505494505474985e-01,1.576190476190475920e+01
7.054328918457031250e-01,1.000000000000000000e+00,4.406042572671076130e-02,5.738705738705718318e-01,1.563492063492063266e+01
7.081413269042968750e-01,1.000000000000000000e+00,4.558632791638039805e-02,5.738705738705718318e-01,1.515873015873016527e+01
7.108087539672851562e-01,1.000000000000000000e+00,4.749370565346744399e-02,5.982905982905961650e-01,1.496825396825396126e+01
7.135832309722900391e-01,1.000000000000000000e+00,4.978255893797189913e-02,6.715506715506691648e-01,1.490476190476189799e+01
7.162563800811767578e-01,1.000000000000000000e+00,5.207141222247635426e-02,6.959706959706934981e-01,1.455555555555555713e+01
7.189636230468750000e-01,1.000000000000000000e+00,5.397878995956340020e-02,6.959706959706934981e-01,1.411111111111111427e+01
7.217662334442138672e-01,1.000000000000000000e+00,5.664911879148526452e-02,7.448107448107421646e-01,1.379365079365079794e+01
7.245001792907714844e-01,1.000000000000000000e+00,5.893797207598971966e-02,7.692307692307664979e-01,1.360317460317460814e+01
7.272300720214843750e-01,1.000000000000000000e+00,6.122682536049417479e-02,7.936507936507908312e-01,1.334920634920635507e+01
7.299335002899169922e-01,1.000000000000000000e+00,6.389715419241603911e-02,8.180708180708151644e-01,1.309523809523810201e+01
7.326865196228027344e-01,1.000000000000000000e+00,6.580453192950308505e-02,8.180708180708151644e-01,1.274603174603174693e+01
7.354145050048828125e-01,1.000000000000000000e+00,6.847486076142494937e-02,8.424908424908394977e-01,1.242857142857143060e+01
7.380895614624023438e-01,1.000000000000000000e+00,7.038223849851199532e-02,8.180708180708151644e-01,1.217460317460317754e+01
7.407736778259277344e-01,1.000000000000000000e+00,7.305256733043385964e-02,8.424908424908394977e-01,1.192063492063492447e+01
7.435295581817626953e-01,1.000000000000000000e+00,7.534142061493831477e-02,8.424908424908394977e-01,1.182539682539682246e+01
7.462472915649414062e-01,1.000000000000000000e+00,7.763027389944276990e-02,8.180708180708151644e-01,1.157142857142856940e+01
7.489769458770751953e-01,1.000000000000000000e+00,7.953765163652981585e-02,8.180708180708151644e-01,1.119047619047618980e+01
7.516620159149169922e-01,1.000000000000000000e+00,8.182650492103427098e-02,8.180708180708151644e-01,1.103174603174603874e+01
7.543613910675048828e-01,1.000000000000000000e+00,8.411535820553872611e-02,8.180708180708151644e-01,1.080952380952381020e+01
7.570977210998535156e-01,1.000000000000000000e+00,8.602273594262577205e-02,7.936507936507908312e-01,1.058730158730158166e+01
7.598655223846435547e-01,1.000000000000000000e+00,8.831158922713022719e-02,7.936507936507908312e-01,1.046031746031745513e+01
7.626016139984130859e-01,1.000000000000000000e+00,9.021896696421727313e-02,7.692307692307664979e-01,1.007936507936507553e+01
7.653298377990722656e-01,1.000000000000000000e+00,9.250782024872172826e-02,7.692307692307664979e-01,9.920634920634924470e+00
7.680497169494628906e-01,1.000000000000000000e+00,9.517814908064359258e-02,8.180708180708151644e-01,9.603174603174608137e+00
7.707982063293457031e-01,1.000000000000000000e+00,9.746700236514804772e-02,8.424908424908394977e-01,9.349206349206355071e+00
7.735295295715332031e-01,1.000000000000000000e+00,1.001373311970699120e-01,8.669108669108638310e-01,9.031746031746038739e+00
7.762708663940429688e-01,1.000000000000000000e+00,1.028076600289917764e-01,8.913308913308881642e-01,8.746031746031746934e+00
7.789771556854248047e-01,1.000000000000000000e+00,1.050965133134962315e-01,8.913308913308881642e-01,8.428571428571430602e+00
7.817044258117675781e-01,1.000000000000000000e+00,1.077668421454180958e-01,8.913308913308881642e-01,8.047619047619051003e+00
7.844300270080566406e-01,1.000000000000000000e+00,1.100556954299225509e-01,8.669108669108638310e-01,7.857142857142861203e+00
7.871756553649902344e-01,1.000000000000000000e+00,1.119630731670095969e-01,8.424908424908394977e-01,7.571428571428569398e+00
7.899031639099121094e-01,1.000000000000000000e+00,1.142519264515140520e-01,8.424908424908394977e-01,7.349206349206355071e+00
7.926163673400878906e-01,1.000000000000000000e+00,1.169222552834359163e-01,8.424908424908394977e-01,7.190476190476189799e+00
7.953550815582275391e-01,1.000000000000000000e+00,1.195925841153577807e-01,8.669108669108638310e-01,6.809523809523810201e+00
7.980356216430664062e-01,1.000000000000000000e+00,1.222629129472796450e-01,9.157509157509124975e-01,6.523809523809518396e+00
8.007795810699462891e-01,1.000000000000000000e+00,1.253147173266189185e-01,9.645909645909611640e-01,6.142857142857138797e+00
8.035333156585693359e-01,1.000000000000000000e+00,1.279850461585407828e-01,9.645909645909611640e-01,5.825396825396822464e+00
8.063118457794189453e-01,1.000000000000000000e+00,1.306553749904626471e-01,9.645909645909611640e-01,5.539682539682544871e+00
8.091087341308593750e-01,1.000000000000000000e+00,1.333257038223845115e-01,9.401709401709368308e-01,5.285714285714291805e+00
8.118975162506103516e-01,1.000000000000000000e+00,1.356145571068889666e-01,9.157509157509124975e-01,4.968253968253961261e+00
8.146588802337646484e-01,1.000000000000000000e+00,1.375219348439760125e-01,8.669108669108638310e-01,4.746031746031746934e+00
8.173863887786865234e-01,1.000000000000000000e+00,1.398107881284804677e-01,8.669108669108638310e-01,4.428571428571430602e+00
8.201174736022949219e-01,1.000000000000000000e+00,1.424811169604023320e-01,8.669108669108638310e-01,4.301587301587304069e+00
8.228483200073242188e-01,1.000000000000000000e+00,1.451514457923241963e-01,8.913308913308881642e-01,3.984126984126987736e+00
8.257231712341308594e-01,1.000000000000000000e+00,1.474402990768286514e-01,8.913308913308881642e-01,3.761904761904759198e+00
8.284227848052978516e-01,1.000000000000000000e+00,1.497291523613331066e-01,8.424908424908394977e-01,3.603174603174608137e+00
8.311636447906494141e-01,1.000000000000000000e+00,1.516365300984201525e-01,8.180708180708151644e-01,3.349206349206355071e+00
8.339312076568603516e-01,1.000000000000000000e+00,1.531624322880897893e-01,7.448107448107421646e-01,3.285714285714291805e+00
8.366694450378417969e-01,1.000000000000000000e+00,1.546883344777594260e-01,6.959706959706934981e-01,3.222222222222228538e+00
8.393683433532714844e-01,1.000000000000000000e+00,1.558327611200116536e-01,6.227106227106204983e-01,3.095238095238102005e+00
8.422546386718750000e-01,1.000000000000000000e+00,1.573586633096812903e-01,5.982905982905961650e-01,3.063492063492063266e+00
8.449566364288330078e-01,1.000000000000000000e+00,1.585030899519335179e-01,5.738705738705718318e-01,3.000000000000000000e+00
8.477594852447509766e-01,1.000000000000000000e+00,1.596475165941857455e-01,5.250305250305231652e-01,2.968253968253961261e+00
8.504874706268310547e-01,1.000000000000000000e+00,1.604104676890205639e-01,4.517704517704501654e-01,3.000000000000000000e+00
8.530821800231933594e-01,1.000000000000000000e+00,1.607919432364379730e-01,3.785103785103771656e-01,3.000000000000000000e+00
8.556287288665771484e-01,1.000000000000000000e+00,1.607919432364379730e-01,3.052503052503041658e-01,3.031746031746038739e+00
8.581371307373046875e-01,1.000000000000000000e+00,1.607919432364379730e-01,2.319902319902311660e-01,3.126984126984126533e+00
8.605031967163085938e-01,1.000000000000000000e+00,1.607919432364379730e-01,1.831501831501824995e-01,3.190476190476189799e+00
8.629670143127441406e-01,1.000000000000000000e+00,1.607919432364379730e-01,1.343101343101338330e-01,3.253968253968253066e+00
8.654246330261230469e-01,1.000000000000000000e+00,1.607919432364379730e-01,1.098901098901094997e-01,3.253968253968253066e+00
8.679046630859375000e-01,1.000000000000000000e+00,1.611734187838553822e-01,1.098901098901094997e-01,3.253968253968253066e+00
8.703598976135253906e-01,1.000000000000000000e+00,1.611734187838553822e-01,8.547008547008516643e-02,3.317460317460316332e+00
8.728733062744140625e-01,1.000000000000000000e+00,1.611734187838553822e-01,6.105006105006083317e-02,3.317460317460316332e+00
8.753511905670166016e-01,1.000000000000000000e+00,1.611734187838553822e-01,3.663003663003649990e-02,3.317460317460316332e+00
8.777961730957031250e-01,1.000000000000000000e+00,1.607919432364379730e-01,-1.221001221001216663e-02,3.380952380952379599e+00
8.802838325500488281e-01,1.000000000000000000e+00,1.604104676890205639e-01,-3.663003663003649990e-02,3.444444444444442865e+00
8.827881813049316406e-01,1.000000000000000000e+00,1.600289921416031547e-01,-8.547008547008516643e-02,3.476190476190481604e+00
8.852431774139404297e-01,1.000000000000000000e+00,1.592660410467683363e-01,-1.343101343101338330e-01,3.539682539682544871e+00
8.877315521240234375e-01,1.000000000000000000e+00,1.588845654993509271e-01,-1.098901098901094997e-01,3.571428571428569398e+00
8.902463912963867188e-01,1.000000000000000000e+00,1.585030899519335179e-01,-1.343101343101338330e-01,3.698412698412695931e+00
8.927435874938964844e-01,1.000000000000000000e+00,1.581216144045161087e-01,-1.587301587301581662e-01,3.730158730158734670e+00
8.951582908630371094e-01,1.000000000000000000e+00,1.573586633096812903e-01,-1.831501831501824995e-01,3.825396825396822464e+00
8.976426124572753906e-01,1.000000000000000000e+00,1.562142366674290628e-01,-2.319902319902311660e-01,3.920634920634924470e+00
9.001626968383789062e-01,1.000000000000000000e+00,1.554512855725942444e-01,-2.808302808302798326e-01,4.079365079365075530e+00
9.026153087615966797e-01,1.000000000000000000e+00,1.543068589303420168e-01,-3.052503052503041658e-01,4.174603174603177536e+00
9.051036834716796875e-01,1.000000000000000000e+00,1.531624322880897893e-01,-3.296703296703284991e-01,4.269841269841265330e+00
9.075794219970703125e-01,1.000000000000000000e+00,1.523994811932549709e-01,-3.296703296703284991e-01,4.428571428571430602e+00
9.101164340972900391e-01,1.000000000000000000e+00,1.512550545510027433e-01,-3.540903540903528324e-01,4.587301587301581662e+00
9.126126766204833984e-01,1.000000000000000000e+00,1.501106279087505158e-01,-4.029304029304014989e-01,4.777777777777771462e+00
9.151391983032226562e-01,1.000000000000000000e+00,1.485847257190808790e-01,-4.517704517704501654e-01,4.936507936507936734e+00
9.176342487335205078e-01,1.000000000000000000e+00,1.466773479819938331e-01,-5.250305250305231652e-01,5.126984126984126533e+00
9.201505184173583984e-01,1.000000000000000000e+00,1.447699702449067871e-01,-5.738705738705718318e-01,5.317460317460316332e+00
9.228351116180419922e-01,1.000000000000000000e+00,1.432440680552371504e-01,-5.982905982905961650e-01,5.571428571428569398e+00
9.255192279815673828e-01,1.000000000000000000e+00,1.413366903181501044e-01,-6.227106227106204983e-01,5.825396825396822464e+00
9.282093048095703125e-01,1.000000000000000000e+00,1.390478370336456493e-01,-6.715506715506691648e-01,6.111111111111114269e+00
9.308862686157226562e-01,1.000000000000000000e+00,1.367589837491411942e-01,-7.203907203907178314e-01,6.269841269841265330e+00
9.336876869201660156e-01,1.000000000000000000e+00,1.344701304646367390e-01,-7.448107448107421646e-01,6.619047619047620401e+00
9.364123344421386719e-01,1.000000000000000000e+00,1.317998016327148747e-01,-8.180708180708151644e-01,6.841269841269834728e+00
9.391705989837646484e-01,1.000000000000000000e+00,1.291294728007930104e-01,-8.424908424908394977e-01,7.158730158730165272e+00
9.419145584106445312e-01,1.000000000000000000e+00,1.268406195162885552e-01,-8.669108669108638310e-01,7.444444444444442865e+00
9.450283050537109375e-01,1.000000000000000000e+00,1.237888151369492817e-01,-8.913308913308881642e-01,7.698412698412695931e+00
9.485318660736083984e-01,1.000000000000000000e+00,1.203555352101925990e-01,-9.157509157509124975e-01,8.047619047619051003e+00
9.518985748291015625e-01,1.000000000000000000e+00,1.169222552834359163e-01,-9.401709401709368308e-01,8.428571428571430602e+00
9.554076194763183594e-01,1.000000000000000000e+00,1.131074998092618245e-01,-9.890109890109854973e-01,8.682539682539683668e+00
9.594042301177978516e-01,1.000000000000000000e+00,1.089112687876703234e-01,-1.013431013431016936e+00,9.126984126984126533e+00
9.629070758819580078e-01,1.000000000000000000e+00,1.054779888609136407e-01,-1.013431013431016936e+00,9.539682539682544871e+00
9.664170742034912109e-01,1.000000000000000000e+00,1.016632333867395488e-01,-1.037851037851041269e+00,9.825396825396822464e+00
9.699838161468505859e-01,1.000000000000000000e+00,9.784847791256545690e-02,-1.037851037851041269e+00,1.014285714285713880e+01
9.749836921691894531e-01,1.000000000000000000e+00,9.212634470130431907e-02,-1.086691086691089936e+00,1.065079365079364493e+01
9.789297580718994141e-01,1.000000000000000000e+00,8.754863813229540881e-02,-1.111111111111114269e+00,1.115873015873016527e+01
9.827821254730224609e-01,1.000000000000000000e+00,8.335240711070390773e-02,-1.111111111111114269e+00,1.153968253968254487e+01
9.872393608093261719e-01,1.000000000000000000e+00,7.839322499427758828e-02,-1.111111111111114269e+00,1.188888888888888573e+01
9.903292655944824219e-01,1.000000000000000000e+00,7.495994506752090558e-02,-1.135531135531138602e+00,1.217460317460317754e+01
9.941999912261962891e-01,1.000000000000000000e+00,7.000076295109458613e-02,-1.135531135531138602e+00,1.258730158730158166e+01
9.981791973114013672e-01,1.000000000000000000e+00,6.580453192950308505e-02,-1.159951159951162936e+00,1.303174603174603874e+01
1.002168655395507812e+00,1.000000000000000000e+00,6.122682536049417479e-02,-1.159951159951162936e+00,1.344444444444444287e+01
1.006158113479614258e+00,1.000000000000000000e+00,5.664911879148526452e-02,-1.159951159951162936e+00,1.382539682539682246e+01
1.010155916213989258e+00,1.000000000000000000e+00,5.130846112764153588e-02,-1.184371184371187269e+00,1.426984126984126533e+01
1.014141082763671875e+00,1.000000000000000000e+00,4.711223010605003481e-02,-1.184371184371187269e+00,1.455555555555555713e+01
1.017645120620727539e+00,1.000000000000000000e+00,4.329747463187594292e-02,-1.184371184371187269e+00,1.487301587301587347e+01
1.021634578704833984e+00,1.000000000000000000e+00,3.910124361028444184e-02,-1.135531135531138602e+00,1.525396825396825307e+01
1.025620698928833008e+00,1.000000000000000000e+00,3.452353704127553158e-02,-1.135531135531138602e+00,1.550793650793650613e+01
1.028786659240722656e+00,1.000000000000000000e+00,3.070878156710143969e-02,-1.135531135531138602e+00,1.569841269841269593e+01
1.032965183258056641e+00,1.000000000000000000e+00,2.651255054550993862e-02,-1.111111111111114269e+00,1.607936507936507553e+01
1.036358594894409180e+00,1.000000000000000000e+00,2.307927061875325592e-02,-1.111111111111114269e+00,1.639682539682539186e+01
1.040677070617675781e+00,1.000000000000000000e+00,1.850156404974434565e-02,-1.062271062271065603e+00,1.665079365079364493e+01
1.044541358947753906e+00,1.000000000000000000e+00,1.468680857557025377e-02,-1.062271062271065603e+00,1.693650793650793673e+01
