0.000000000000000000e+00,3.000000000000000000e+00,2.439536125734331762e-01,-1.221001221001216663e-02,-1.587301587301226391e-02
1.995563507080078125e-03,3.000000000000000000e+00,2.439536125734331762e-01,-1.221001221001216663e-02,-1.587301587301226391e-02
3.496408462524414062e-03,4.000000000000000000e+00,1.733806363012124763e-01,-1.221001221001216663e-02,-1.587301587301226391e-02
5.492210388183593750e-03,4.000000000000000000e+00,1.733806363012124763e-01,-1.221001221001216663e-02,-1.587301587301226391e-02
6.993532180786132812e-03,1.000000000000000000e+00,6.872281986724644298e-01,-1.221001221001216663e-02,-1.587301587301226391e-02
9.019851684570312500e-03,1.000000000000000000e+00,6.872281986724644298e-01,-1.221001221001216663e-02,-7.936507936507553040e-02
1.101326942443847656e-02,2.000000000000000000e+00,-8.564126039520836287e-02,-1.221001221001216663e-02,-1.587301587301226391e-02
1.297998428344726562e-02,2.000000000000000000e+00,-8.564126039520836287e-02,-1.221001221001216663e-02,-1.587301587301226391e-02
1.497411727905273438e-02,3.000000000000000000e+00,2.439536125734331762e-01,-1.221001221001216663e-02,-1.587301587301226391e-02
1.641201972961425781e-02,4.000000000000000000e+00,1.733806363012124763e-01,-1.221001221001216663e-02,-1.587301587301226391e-02
1.844000816345214844e-02,1.000000000000000000e+00,6.872281986724644298e-01,-1.221001221001216663e-02,-4.761904761905100258e-02
1.997327804565429688e-02,2.000000000000000000e+00,-8.564126039520836287e-02,-1.221001221001216663e-02,-4.761904761905100258e-02
1.353640556335449219e-01,1.000000000000000000e+00,6.872281986724644298e-01,-1.221001221001216663e-02,-1.587301587301226391e-02
1.389069557189941406e-01,1.000000000000000000e+00,6.738765545128551082e-01,-1.208791208791211602e+00,-5.534920634920634797e+01
1.424117088317871094e-01,1.000000000000000000e+00,6.414511329823753272e-01,-3.601953601953603368e+00,-4.557142857142856940e+01
1.459665298461914062e-01,1.000000000000000000e+00,5.994888227664603164e-01,-6.068376068376068133e+00,-4.623809523809524080e+01
1.499571800231933594e-01,1.000000000000000000e+00,5.567635614557104873e-01,-7.557997557997559568e+00,-3.398412698412698774e+01
1.534461975097656250e-01,1.000000000000000000e+00,5.407415884641793014e-01,-6.654456654456652132e+00,-3.360317460317460814e+01
1.569750308990478516e-01,1.000000000000000000e+00,5.342565041580833451e-01,-5.189255189255192136e+00,-3.125396825396825307e+01
1.603956222534179688e-01,1.000000000000000000e+00,5.254825665674829338e-01,-4.432234432234430699e+00,-3.468253968253968367e+01
1.639475822448730469e-01,1.000000000000000000e+00,5.216678110933088419e-01,-3.431013431013433035e+00,-3.474603174603174693e+01
1.674478054046630859e-01,1.000000000000000000e+00,5.148012512397954765e-01,-2.991452991452987931e+00,-3.490476190476190510e+01
1.709794998168945312e-01,1.000000000000000000e+00,5.056458381017776560e-01,-2.893772893772890598e+00,-3.423809523809524080e+01
1.743657588958740234e-01,1.000000000000000000e+00,4.972533760585946538e-01,-2.796092796092793265e+00,-3.430158730158730407e+01
1.779055595397949219e-01,1.000000000000000000e+00,4.896238651102464701e-01,-2.600732600732598598e+00,-3.249206349206349387e+01
1.814630031585693359e-01,1.000000000000000000e+00,4.823758297093156955e-01,-2.429792429792428266e+00,-3.230158730158730407e+01
1.849639415740966797e-01,1.000000000000000000e+00,4.755092698558023301e-01,-2.283272283272282266e+00,-3.223809523809524080e+01
1.885285377502441406e-01,1.000000000000000000e+00,4.686427100022889647e-01,-2.185592185592184933e+00,-3.103174603174603163e+01
1.925508975982666016e-01,1.000000000000000000e+00,4.598687724116885533e-01,-2.185592185592184933e+00,-3.001587301587301937e+01
1.961100101470947266e-01,1.000000000000000000e+00,4.514763103685055512e-01,-2.234432234432233599e+00,-2.925396825396825307e+01
1.996407508850097656e-01,1.000000000000000000e+00,4.438467994201573674e-01,-2.210012210012209266e+00,-2.776190476190475920e+01
2.032001018524169922e-01,1.000000000000000000e+00,4.362172884718091836e-01,-2.185592185592184933e+00,-2.725396825396825307e+01
2.063994407653808594e-01,1.000000000000000000e+00,4.289692530708784091e-01,-2.210012210012209266e+00,-2.617460317460317754e+01
2.099590301513671875e-01,1.000000000000000000e+00,4.209582665751128161e-01,-2.234432234432233599e+00,-2.471428571428571530e+01
2.134904861450195312e-01,1.000000000000000000e+00,4.121843289845124048e-01,-2.332112332112330932e+00,-2.379365079365079083e+01
2.170541286468505859e-01,1.000000000000000000e+00,4.030289158464945842e-01,-2.380952380952379599e+00,-2.268253968253968367e+01
2.205290794372558594e-01,1.000000000000000000e+00,3.938735027084767637e-01,-2.454212454212452599e+00,-2.093650793650793673e+01
2.231111526489257812e-01,1.000000000000000000e+00,3.870069428549633983e-01,-2.527472527472525599e+00,-2.004761904761905100e+01
2.256953716278076172e-01,1.000000000000000000e+00,3.797589074540326237e-01,-2.576312576312574265e+00,-1.931746031746031633e+01
2.282447814941406250e-01,1.000000000000000000e+00,3.725108720531018491e-01,-2.649572649572647265e+00,-1.804761904761905100e+01
2.308533191680908203e-01,1.000000000000000000e+00,3.644998855573362562e-01,-2.747252747252744598e+00,-1.696825396825396837e+01
2.334372997283935547e-01,1.000000000000000000e+00,3.564888990615706632e-01,-2.820512820512817598e+00,-1.620634920634920917e+01
2.359585762023925781e-01,1.000000000000000000e+00,3.488593881132224794e-01,-2.869352869352866264e+00,-1.468253968253968367e+01
2.384960651397705078e-01,1.000000000000000000e+00,3.408484016174568865e-01,-2.942612942612939264e+00,-1.385714285714285410e+01
2.410445213317871094e-01,1.000000000000000000e+00,3.324559395742738843e-01,-2.991452991452987931e+00,-1.249206349206349387e+01
2.436585426330566406e-01,1.000000000000000000e+00,3.244449530785082914e-01,-3.064713064713068036e+00,-1.163492063492063266e+01
2.461881637573242188e-01,1.000000000000000000e+00,3.160524910353252892e-01,-3.113553113553116702e+00,-1.039682539682539897e+01
2.487747669219970703e-01,1.000000000000000000e+00,3.072785534447248779e-01,-3.113553113553116702e+00,-9.317460317460316332e+00
2.513377666473388672e-01,1.000000000000000000e+00,2.996490424963766941e-01,-3.137973137973141036e+00,-8.206349206349209169e+00
2.539329528808593750e-01,1.000000000000000000e+00,2.920195315480285103e-01,-3.113553113553116702e+00,-7.317460317460316332e+00
2.564716339111328125e-01,1.000000000000000000e+00,2.840085450522629174e-01,-3.089133089133092369e+00,-6.301587301587304069e+00
2.590997219085693359e-01,1.000000000000000000e+00,2.763790341039147336e-01,-3.064713064713068036e+00,-5.317460317460316332e+00
2.616121768951416016e-01,1.000000000000000000e+00,2.691309987029839590e-01,-3.040293040293043703e+00,-4.523809523809525501e+00
2.641673088073730469e-01,1.000000000000000000e+00,2.618829633020531844e-01,-2.991452991452987931e+00,-3.730158730158727565e+00
2.666923999786376953e-01,1.000000000000000000e+00,2.550164034485398190e-01,-2.942612942612939264e+00,-2.873015873015873467e+00
2.693374156951904297e-01,1.000000000000000000e+00,2.477683680476072681e-01,-2.869352869352866264e+00,-2.238095238095240802e+00
2.719128131866455078e-01,1.000000000000000000e+00,2.416647592889287210e-01,-2.771672771672768931e+00,-1.539682539682537765e+00
2.745134830474853516e-01,1.000000000000000000e+00,2.355611505302501740e-01,-2.673992673992671598e+00,-9.682539682539612613e-01
2.770471572875976562e-01,1.000000000000000000e+00,2.302204928664064454e-01,-2.576312576312574265e+00,-5.555555555555571345e-01
2.803583145141601562e-01,1.000000000000000000e+00,2.229724574654756708e-01,-2.429792429792428266e+00,-7.936507936507553040e-02
2.843475341796875000e-01,1.000000000000000000e+00,2.161058976119623054e-01,-2.185592185592184933e+00,5.238095238095183959e-01
2.883367538452148438e-01,1.000000000000000000e+00,2.107652399481185768e-01,-1.916971916971917267e+00,8.730158730158734670e-01
2.918403148651123047e-01,1.000000000000000000e+00,2.073319600213618941e-01,-1.648351648351649601e+00,8.095238095238102005e-01
2.958371639251708984e-01,1.000000000000000000e+00,2.046616311894400297e-01,-1.330891330891333268e+00,7.777777777777714618e-01
2.993407249450683594e-01,1.000000000000000000e+00,2.023727779049355746e-01,-1.135531135531138602e+00,6.190476190476204010e-01
3.033339977264404297e-01,1.000000000000000000e+00,2.000839246204311195e-01,-9.645909645909611640e-01,6.190476190476204010e-01
3.063299655914306641e-01,1.000000000000000000e+00,1.985580224307614827e-01,-8.424908424908394977e-01,5.873015873015816624e-01
3.098280429840087891e-01,1.000000000000000000e+00,1.966506446936744368e-01,-7.448107448107421646e-01,6.190476190476204010e-01
3.138186931610107422e-01,1.000000000000000000e+00,1.955062180514222092e-01,-5.982905982905961650e-01,5.873015873015816624e-01
3.173270225524902344e-01,1.000000000000000000e+00,1.943617914091699816e-01,-5.494505494505474985e-01,8.095238095238102005e-01
3.213200569152832031e-01,1.000000000000000000e+00,1.905470359349958898e-01,-6.715506715506691648e-01,1.380952380952379599e+00
3.248341083526611328e-01,1.000000000000000000e+00,1.852063782711521611e-01,-9.157509157509124975e-01,2.365079365079367335e+00
3.288235664367675781e-01,1.000000000000000000e+00,1.783398184176387957e-01,-1.208791208791211602e+00,3.634920634920632665e+00
3.328127861022949219e-01,1.000000000000000000e+00,1.710917830167080211e-01,-1.428571428571430602e+00,5.190476190476189799e+00
3.361141681671142578e-01,1.000000000000000000e+00,1.653696498054468833e-01,-1.501831501831503601e+00,6.142857142857138797e+00
3.392412662506103516e-01,1.000000000000000000e+00,1.604104676890205639e-01,-1.526251526251527935e+00,6.777777777777771462e+00
3.431270122528076172e-01,1.000000000000000000e+00,1.554512855725942444e-01,-1.452991452991454935e+00,7.253968253968253066e+00
3.470847606658935547e-01,1.000000000000000000e+00,1.516365300984201525e-01,-1.282051282051284602e+00,7.412698412698418338e+00
3.507409095764160156e-01,1.000000000000000000e+00,1.478217746242460606e-01,-1.233211233211235935e+00,8.238095238095240802e+00
3.546521663665771484e-01,1.000000000000000000e+00,1.424811169604023320e-01,-1.257631257631260269e+00,8.555555555555557135e+00
3.586416244506835938e-01,1.000000000000000000e+00,1.379034103913934217e-01,-1.208791208791211602e+00,9.095238095238102005e+00
3.619196414947509766e-01,1.000000000000000000e+00,1.352330815594715574e-01,-1.111111111111114269e+00,9.317460317460316332e+00
3.658528327941894531e-01,1.000000000000000000e+00,1.321812771801322839e-01,-1.013431013431016936e+00,9.634920634920632665e+00
3.689053058624267578e-01,1.000000000000000000e+00,1.302738994430452379e-01,-9.157509157509124975e-01,9.698412698412695931e+00
3.727679252624511719e-01,1.000000000000000000e+00,1.283665217059581920e-01,-7.936507936507908312e-01,9.730158730158734670e+00
3.767569065093994141e-01,1.000000000000000000e+00,1.268406195162885552e-01,-6.227106227106204983e-01,9.666666666666671404e+00
3.807466030120849609e-01,1.000000000000000000e+00,1.260776684214537369e-01,-5.006105006104988320e-01,9.634920634920632665e+00
3.847355842590332031e-01,1.000000000000000000e+00,1.253147173266189185e-01,-4.029304029304014989e-01,9.539682539682544871e+00
3.887250423431396484e-01,1.000000000000000000e+00,1.241702906843666909e-01,-3.540903540903528324e-01,9.571428571428569398e+00
3.927145004272460938e-01,1.000000000000000000e+00,1.237888151369492817e-01,-2.808302808302798326e-01,9.571428571428569398e+00
3.966999053955078125e-01,1.000000000000000000e+00,1.234073395895318725e-01,-2.319902319902311660e-01,9.539682539682544871e+00
4.006929397583007812e-01,1.000000000000000000e+00,1.234073395895318725e-01,-1.343101343101338330e-01,9.476190476190481604e+00
4.046821594238281250e-01,1.000000000000000000e+00,1.237888151369492817e-01,-6.105006105006083317e-02,9.317460317460316332e+00
4.086718559265136719e-01,1.000000000000000000e+00,1.245517662317841001e-01,1.221001221001216663e-02,9.158730158730165272e+00
4.126572608947753906e-01,1.000000000000000000e+00,1.253147173266189185e-01,6.105006105006083317e-02,9.000000000000000000e+00
4.166500568389892578e-01,1.000000000000000000e+00,1.260776684214537369e-01,8.547008547008516643e-02,8.873015873015873467e+00
4.206397533416748047e-01,1.000000000000000000e+00,1.268406195162885552e-01,1.343101343101338330e-01,8.714285714285708195e+00
4.246292114257812500e-01,1.000000000000000000e+00,1.279850461585407828e-01,1.587301587301581662e-01,8.619047619047620401e+00
4.286186695098876953e-01,1.000000000000000000e+00,1.287479972533756012e-01,1.831501831501824995e-01,8.460317460317455129e+00
4.326078891754150391e-01,1.000000000000000000e+00,1.302738994430452379e-01,2.319902319902311660e-01,8.269841269841265330e+00
4.365968704223632812e-01,1.000000000000000000e+00,1.317998016327148747e-01,2.808302808302798326e-01,8.142857142857138797e+00
4.407551288604736328e-01,1.000000000000000000e+00,1.333257038223845115e-01,3.052503052503041658e-01,7.761904761904759198e+00
4.443249702453613281e-01,1.000000000000000000e+00,1.348516060120541482e-01,3.296703296703284991e-01,7.666666666666671404e+00
4.483211040496826172e-01,1.000000000000000000e+00,1.363775082017237850e-01,3.540903540903528324e-01,7.380952380952379599e+00
4.518225193023681641e-01,1.000000000000000000e+00,1.379034103913934217e-01,3.785103785103771656e-01,7.158730158730165272e+00
4.553332328796386719e-01,1.000000000000000000e+00,1.398107881284804677e-01,4.273504273504258322e-01,7.031746031746038739e+00
4.583294391632080078e-01,1.000000000000000000e+00,1.413366903181501044e-01,4.273504273504258322e-01,6.809523809523810201e+00
4.623224735260009766e-01,1.000000000000000000e+00,1.428625925078197412e-01,4.273504273504258322e-01,6.587301587301581662e+00
4.663119316101074219e-01,1.000000000000000000e+00,1.451514457923241963e-01,4.517704517704501654e-01,6.365079365079367335e+00
4.703013896942138672e-01,1.000000000000000000e+00,1.470588235294112422e-01,4.517704517704501654e-01,6.206349206349202063e+00
4.733767509460449219e-01,1.000000000000000000e+00,1.482032501716634698e-01,4.273504273504258322e-01,6.047619047619051003e+00
4.772827625274658203e-01,1.000000000000000000e+00,1.501106279087505158e-01,4.517704517704501654e-01,5.825396825396822464e+00
4.812717437744140625e-01,1.000000000000000000e+00,1.520180056458375617e-01,4.517704517704501654e-01,5.666666666666671404e+00
4.852612018585205078e-01,1.000000000000000000e+00,1.539253833829246076e-01,4.761904761904744987e-01,5.603174603174608137e+00
4.885601997375488281e-01,1.000000000000000000e+00,1.550698100251768352e-01,4.273504273504258322e-01,5.349206349206355071e+00
4.921936988830566406e-01,1.000000000000000000e+00,1.562142366674290628e-01,4.029304029304014989e-01,5.317460317460316332e+00
4.953212738037109375e-01,1.000000000000000000e+00,1.573586633096812903e-01,3.785103785103771656e-01,5.190476190476189799e+00
4.989542961120605469e-01,1.000000000000000000e+00,1.596475165941857455e-01,4.517704517704501654e-01,4.873015873015873467e+00
5.029492378234863281e-01,1.000000000000000000e+00,1.638437476157772466e-01,6.471306471306448316e-01,4.079365079365075530e+00
5.069386959075927734e-01,1.000000000000000000e+00,1.688029297322035660e-01,8.669108669108638310e-01,3.126984126984126533e+00
5.104422569274902344e-01,1.000000000000000000e+00,1.745250629434647038e-01,1.062271062271065603e+00,2.269841269841265330e+00
5.144381523132324219e-01,1.000000000000000000e+00,1.806286717021432509e-01,1.208791208791211602e+00,1.285714285714291805e+00
5.193548202514648438e-01,4.000000000000000000e+00,1.733806363012124763e-01,1.221001221001216663e-02,-4.761904761905100258e-02
5.228037834167480469e-01,1.000000000000000000e+00,1.874952315556566163e-01,1.306471306471308935e+00,2.380952380952408021e-01
5.262649059295654297e-01,4.000000000000000000e+00,1.661326009002817017e-01,-6.471306471306448316e-01,-2.011111111111111427e+01
5.295901298522949219e-01,1.000000000000000000e+00,1.920729381246655265e-01,1.282051282051284602e+00,-2.063492063492020634e-01
5.329244136810302734e-01,4.000000000000000000e+00,1.523994811932549709e-01,-1.648351648351649601e+00,-2.007936507936508264e+01
5.364348888397216797e-01,1.000000000000000000e+00,1.962691691462570276e-01,1.257631257631260269e+00,-7.777777777777714618e-01
5.397350788116455078e-01,4.000000000000000000e+00,1.371404592965586033e-01,-2.478632478632476932e+00,-1.588888888888888573e+01
5.431854724884033203e-01,1.000000000000000000e+00,2.004654001678485287e-01,1.282051282051284602e+00,-1.349206349206347966e+00
5.466849803924560547e-01,4.000000000000000000e+00,1.161593041886010980e-01,-3.553113553113554701e+00,-1.230158730158730407e+01
5.499641895294189453e-01,1.000000000000000000e+00,2.050431067368574389e-01,1.282051282051284602e+00,-1.920634920634917364e+00
5.535352230072021484e-01,4.000000000000000000e+00,9.288929579613913745e-02,-4.529914529914528032e+00,-8.428571428571430602e+00
5.569996833801269531e-01,1.000000000000000000e+00,2.092393377584489400e-01,1.282051282051284602e+00,-2.301587301587304069e+00
5.602402687072753906e-01,4.000000000000000000e+00,7.000076295109458613e-02,-5.189255189255192136e+00,-4.777777777777778567e+00
5.635056495666503906e-01,1.000000000000000000e+00,2.122911421377882135e-01,1.159951159951162936e+00,-2.523809523809525501e+00
5.668404102325439453e-01,4.000000000000000000e+00,4.711223010605003481e-02,-5.653235653235654468e+00,-1.698412698412695931e+00
5.703413486480712891e-01,1.000000000000000000e+00,2.149614709697100778e-01,1.037851037851041269e+00,-2.682539682539683668e+00
5.736963748931884766e-01,4.000000000000000000e+00,2.498664835584030186e-02,-5.799755799755800467e+00,4.920634920634938680e-01
5.771536827087402344e-01,1.000000000000000000e+00,2.172503242542145330e-01,9.157509157509124975e-01,-2.650793650793652034e+00
5.806145668029785156e-01,4.000000000000000000e+00,6.294346532387251614e-03,-5.750915750915751801e+00,2.936507936507936734e+00
5.839960575103759766e-01,1.000000000000000000e+00,2.191577019913015789e-01,7.936507936507908312e-01,-2.682539682539683668e+00
5.873327255249023438e-01,4.000000000000000000e+00,-1.049057755397875269e-02,-5.457875457875459801e+00,4.746031746031746934e+00
5.905761718750000000e-01,1.000000000000000000e+00,2.203021286335538065e-01,6.715506715506691648e-01,-2.523809523809525501e+00
5.940291881561279297e-01,4.000000000000000000e+00,-2.613107499809252943e-02,-5.189255189255192136e+00,5.698412698412695931e+00
5.974392890930175781e-01,1.000000000000000000e+00,2.210650797283886249e-01,5.250305250305231652e-01,-2.428571428571430602e+00
6.009340286254882812e-01,4.000000000000000000e+00,-3.986419470511926022e-02,-4.871794871794868698e+00,6.269841269841265330e+00
6.042015552520751953e-01,1.000000000000000000e+00,2.218280308232234432e-01,4.517704517704501654e-01,-2.873015873015873467e+00
6.076092720031738281e-01,4.000000000000000000e+00,-5.016403448538930832e-02,-4.432234432234430699e+00,6.587301587301581662e+00
6.108467578887939453e-01,1.000000000000000000e+00,2.267872129396497627e-01,7.448107448107421646e-01,-3.793650793650790831e+00
6.141285896301269531e-01,4.000000000000000000e+00,-5.893797207598971966e-02,-3.919413919413919700e+00,6.936507936507936734e+00
6.175842285156250000e-01,1.000000000000000000e+00,2.363241016250849924e-01,1.330891330891333268e+00,-5.222222222222221433e+00
6.209888458251953125e-01,4.000000000000000000e+00,-6.656748302433790343e-02,-3.406593406593408702e+00,6.301587301587304069e+00
6.244440078735351562e-01,1.000000000000000000e+00,2.470054169527724497e-01,1.868131868131868600e+00,-7.507936507936506132e+00
6.277132034301757812e-01,4.000000000000000000e+00,-7.152666514076422288e-02,-2.844932844932841931e+00,5.984126984126987736e+00
6.310317516326904297e-01,1.000000000000000000e+00,2.599755855649661385e-01,2.454212454212452599e+00,-9.888888888888885731e+00
6.342384815216064453e-01,4.000000000000000000e+00,-7.495994506752090558e-02,-2.307692307692306599e+00,5.476190476190481604e+00
6.376094818115234375e-01,1.000000000000000000e+00,2.740901808194102784e-01,2.942612942612939264e+00,-1.246031746031746223e+01
6.408865451812744141e-01,4.000000000000000000e+00,-7.686732280460795153e-02,-1.770451770451771267e+00,4.587301587301581662e+00
6.442117691040039062e-01,1.000000000000000000e+00,2.851529716945151449e-01,2.967032967032963597e+00,-1.338095238095237960e+01
6.476449966430664062e-01,4.000000000000000000e+00,-7.763027389944276990e-02,-1.330891330891333268e+00,3.984126984126987736e+00
6.512739658355712891e-01,1.000000000000000000e+00,2.889677271686892368e-01,2.454212454212452599e+00,-1.376190476190475920e+01
6.547744274139404297e-01,4.000000000000000000e+00,-7.763027389944276990e-02,-9.645909645909611640e-01,3.317460317460316332e+00
6.583993434906005859e-01,1.000000000000000000e+00,2.893492027161066460e-01,1.794871794871795601e+00,-1.312698412698412653e+01
6.619904041290283203e-01,4.000000000000000000e+00,-7.839322499427758828e-02,-7.692307692307664979e-01,2.873015873015873467e+00
6.655278205871582031e-01,1.000000000000000000e+00,2.870603494316021909e-01,1.037851037851041269e+00,-1.115873015873015817e+01
6.690275669097900391e-01,4.000000000000000000e+00,-7.915617608911240666e-02,-5.982905982905961650e-01,2.460317460317455129e+00
6.724891662597656250e-01,1.000000000000000000e+00,2.801937895780888255e-01,1.587301587301581662e-01,-9.126984126984126533e+00
6.759550571441650391e-01,4.000000000000000000e+00,-7.877470054169499747e-02,-4.029304029304014989e-01,2.111111111111114269e+00
6.794342994689941406e-01,1.000000000000000000e+00,2.725642786297406417e-01,-5.250305250305231652e-01,-7.793650793650790831e+00
6.829545497894287109e-01,4.000000000000000000e+00,-7.801174944686017909e-02,-2.319902319902311660e-01,1.698412698412695931e+00
6.862185001373291016e-01,1.000000000000000000e+00,2.737087052719928693e-01,-2.564102564102554993e-01,-7.793650793650790831e+00
6.896617412567138672e-01,4.000000000000000000e+00,-7.686732280460795153e-02,-6.105006105006083317e-02,1.285714285714291805e+00
6.932368278503417969e-01,1.000000000000000000e+00,2.775234607461669611e-01,1.343101343101338330e-01,-7.412698412698411232e+00
6.967210769653320312e-01,4.000000000000000000e+00,-7.495994506752090558e-02,1.098901098901094997e-01,8.095238095238102005e-01
7.001864910125732422e-01,1.000000000000000000e+00,2.801937895780888255e-01,3.052503052503041658e-01,-8.809523809523810201e+00
7.034564018249511719e-01,4.000000000000000000e+00,-7.305256733043385964e-02,2.319902319902311660e-01,4.603174603174551294e-01
7.067291736602783203e-01,1.000000000000000000e+00,2.836270695048455082e-01,5.250305250305231652e-01,-9.888888888888885731e+00
7.101709842681884766e-01,4.000000000000000000e+00,-7.114518959334681369e-02,3.296703296703284991e-01,1.587301587301226391e-02
7.136733531951904297e-01,1.000000000000000000e+00,2.889677271686892368e-01,8.424908424908394977e-01,-1.020634920634920917e+01
7.170443534851074219e-01,4.000000000000000000e+00,-6.923781185625976775e-02,3.785103785103771656e-01,-3.015873015873040686e-01
7.205014228820800781e-01,1.000000000000000000e+00,2.931639581902807379e-01,9.157509157509124975e-01,-1.131746031746031633e+01
7.240064144134521484e-01,4.000000000000000000e+00,-6.847486076142494937e-02,3.540903540903528324e-01,-4.285714285714306016e-01
7.274284362792968750e-01,1.000000000000000000e+00,2.965972381170374206e-01,9.645909645909611640e-01,-1.204761904761905100e+01
7.306525707244873047e-01,4.000000000000000000e+00,-6.733043411917272181e-02,3.296703296703284991e-01,-7.460317460317469340e-01
7.340371608734130859e-01,1.000000000000000000e+00,3.007934691386289217e-01,1.037851037851041269e+00,-1.236507936507936734e+01
7.374279499053955078e-01,4.000000000000000000e+00,-6.466010528725085749e-02,4.517704517704501654e-01,-1.063492063492063266e+00
7.409391403198242188e-01,1.000000000000000000e+00,3.038452735179681952e-01,9.890109890109854973e-01,-1.287301587301587347e+01
7.442791461944580078e-01,4.000000000000000000e+00,-6.237125200274640235e-02,5.494505494505474985e-01,-1.253968253968253066e+00
7.474985122680664062e-01,1.000000000000000000e+00,3.065156023498900595e-01,9.401709401709368308e-01,-1.347619047619047450e+01
7.509243488311767578e-01,4.000000000000000000e+00,-6.046387426565935641e-02,5.250305250305231652e-01,-1.507936507936506132e+00
7.542951107025146484e-01,1.000000000000000000e+00,3.099488822766467422e-01,9.645909645909611640e-01,-1.344444444444444287e+01
7.578568458557128906e-01,4.000000000000000000e+00,-5.893797207598971966e-02,5.006105006104988320e-01,-2.015873015873019369e+00
7.612504959106445312e-01,1.000000000000000000e+00,3.130006866559860157e-01,9.157509157509124975e-01,-1.385714285714285410e+01
7.647082805633544922e-01,4.000000000000000000e+00,-5.664911879148526452e-02,5.494505494505474985e-01,-2.079365079365082636e+00
7.681088447570800781e-01,1.000000000000000000e+00,3.152895399404904708e-01,8.669108669108638310e-01,-1.395238095238094900e+01
7.716348171234130859e-01,4.000000000000000000e+00,-5.474174105439821858e-02,5.738705738705718318e-01,-2.269841269841272435e+00
7.751517295837402344e-01,1.000000000000000000e+00,3.164339665827426984e-01,7.203907203907178314e-01,-1.395238095238094900e+01
7.784526348114013672e-01,4.000000000000000000e+00,-5.283436331731117264e-02,5.738705738705718318e-01,-2.714285714285715301e+00
7.819325923919677734e-01,1.000000000000000000e+00,3.175783932249949260e-01,5.982905982905961650e-01,-1.404761904761905100e+01
7.852141857147216797e-01,4.000000000000000000e+00,-5.092698558022412669e-02,5.738705738705718318e-01,-2.682539682539683668e+00
7.886831760406494141e-01,1.000000000000000000e+00,3.191042954146645627e-01,5.250305250305231652e-01,-1.395238095238094900e+01
7.919387817382812500e-01,4.000000000000000000e+00,-5.016403448538930832e-02,4.517704517704501654e-01,-2.682539682539683668e+00
7.952311038970947266e-01,4.000000000000000000e+00,-4.978255893797189913e-02,3.296703296703284991e-01,-2.619047619047620401e+00
7.984786033630371094e-01,1.000000000000000000e+00,3.202487220569167903e-01,3.540903540903528324e-01,-1.379365079365079083e+01
8.017182350158691406e-01,4.000000000000000000e+00,-5.016403448538930832e-02,2.075702075702068328e-01,-2.333333333333335702e+00
8.051006793975830078e-01,1.000000000000000000e+00,3.206301976043341995e-01,2.808302808302798326e-01,-1.360317460317460103e+01
8.085577487945556641e-01,4.000000000000000000e+00,-5.130846112764153588e-02,3.663003663003649990e-02,-2.047619047619051003e+00
8.119964599609375000e-01,1.000000000000000000e+00,3.206301976043341995e-01,1.831501831501824995e-01,-1.347619047619047450e+01
8.154349327087402344e-01,4.000000000000000000e+00,-5.283436331731117264e-02,-8.547008547008516643e-02,-1.634920634920632665e+00
8.189747333526611328e-01,1.000000000000000000e+00,3.206301976043341995e-01,1.343101343101338330e-01,-1.344444444444444287e+01
8.223640918731689453e-01,4.000000000000000000e+00,-5.436026550698080939e-02,-2.319902319902311660e-01,-1.317460317460316332e+00
8.258025646209716797e-01,1.000000000000000000e+00,3.210116731517516087e-01,1.098901098901094997e-01,-1.341269841269841123e+01
8.292419910430908203e-01,4.000000000000000000e+00,-5.626764324406785533e-02,-3.296703296703284991e-01,-9.682539682539612613e-01
8.327062129974365234e-01,1.000000000000000000e+00,3.213931486991690178e-01,1.098901098901094997e-01,-1.350793650793650613e+01
8.362536430358886719e-01,4.000000000000000000e+00,-5.817502098115490128e-02,-4.029304029304014989e-01,-7.142857142857081953e-01
8.396887779235839844e-01,1.000000000000000000e+00,3.221560997940038362e-01,1.587301587301581662e-01,-1.357142857142856940e+01
8.431267738342285156e-01,4.000000000000000000e+00,-5.970092317082453803e-02,-4.029304029304014989e-01,-5.555555555555571345e-01
8.464477062225341797e-01,1.000000000000000000e+00,3.229190508888386546e-01,1.587301587301581662e-01,-1.376190476190475920e+01
8.499417304992675781e-01,4.000000000000000000e+00,-6.084534981307676560e-02,-3.785103785103771656e-01,-3.968253968253918629e-01
8.533973693847656250e-01,1.000000000000000000e+00,3.236820019836734730e-01,1.831501831501824995e-01,-1.392063492063491736e+01
8.568060398101806641e-01,4.000000000000000000e+00,-6.198977645532899317e-02,-3.785103785103771656e-01,-3.968253968253918629e-01
8.602433204650878906e-01,1.000000000000000000e+00,3.244449530785082914e-01,1.831501831501824995e-01,-1.404761904761905100e+01
8.637750148773193359e-01,4.000000000000000000e+00,-6.275272755016381154e-02,-3.296703296703284991e-01,-3.650793650793673351e-01
8.671250343322753906e-01,1.000000000000000000e+00,3.255893797207605189e-01,2.075702075702068328e-01,-1.426984126984127244e+01
8.704285621643066406e-01,4.000000000000000000e+00,-6.351567864499862992e-02,-3.052503052503041658e-01,-3.968253968253918629e-01
8.736639022827148438e-01,4.000000000000000000e+00,-6.389715419241603911e-02,-2.564102564102554993e-01,-5.555555555555571345e-01
8.768866062164306641e-01,1.000000000000000000e+00,3.274967574578475649e-01,2.319902319902311660e-01,-1.446031746031746223e+01
8.802750110626220703e-01,4.000000000000000000e+00,-6.427862973983344830e-02,-1.831501831501824995e-01,-6.190476190476204010e-01
8.837611675262451172e-01,1.000000000000000000e+00,3.282597085526823832e-01,2.319902319902311660e-01,-1.461904761904762040e+01
8.870341777801513672e-01,4.000000000000000000e+00,-6.427862973983344830e-02,-1.587301587301581662e-01,-6.825396825396836675e-01
8.904762268066406250e-01,1.000000000000000000e+00,3.294041351949346108e-01,2.564102564102554993e-01,-1.468253968253968367e+01
8.939316272735595703e-01,4.000000000000000000e+00,-6.427862973983344830e-02,-1.343101343101338330e-01,-8.412698412698347283e-01
8.973507881164550781e-01,1.000000000000000000e+00,3.297856107423520200e-01,2.319902319902311660e-01,-1.480952380952381020e+01
9.008467197418212891e-01,4.000000000000000000e+00,-6.466010528725085749e-02,-1.098901098901094997e-01,-9.682539682539612613e-01
9.041156768798828125e-01,1.000000000000000000e+00,3.305485618371868384e-01,2.075702075702068328e-01,-1.484126984126984183e+01
9.074242115020751953e-01,4.000000000000000000e+00,-6.427862973983344830e-02,-6.105006105006083317e-02,-1.031746031746031633e+00
9.106955528259277344e-01,1.000000000000000000e+00,3.305485618371868384e-01,1.587301587301581662e-01,-1.480952380952381020e+01
9.140162467956542969e-01,4.000000000000000000e+00,-6.466010528725085749e-02,-6.105006105006083317e-02,-1.158730158730158166e+00
9.173846244812011719e-01,1.000000000000000000e+00,3.309300373846042476e-01,1.098901098901094997e-01,-1.474603174603174693e+01
9.207007884979248047e-01,4.000000000000000000e+00,-6.427862973983344830e-02,-3.663003663003649990e-02,-1.285714285714284699e+00
9.239923954010009766e-01,1.000000000000000000e+00,3.305485618371868384e-01,3.663003663003649990e-02,-1.468253968253968367e+01
9.273872375488281250e-01,4.000000000000000000e+00,-6.427862973983344830e-02,-1.221001221001216663e-02,-1.380952380952379599e+00
9.307992458343505859e-01,1.000000000000000000e+00,3.301670862897694292e-01,-1.221001221001216663e-02,-1.442857142857143060e+01
9.341981410980224609e-01,4.000000000000000000e+00,-6.389715419241603911e-02,1.221001221001216663e-02,-1.444444444444442865e+00
9.376800060272216797e-01,1.000000000000000000e+00,3.290226596475172016e-01,-1.098901098901094997e-01,-1.420634920634920917e+01
9.410748481750488281e-01,4.000000000000000000e+00,-6.389715419241603911e-02,1.221001221001216663e-02,-1.539682539682537765e+00
9.446814060211181641e-01,1.000000000000000000e+00,3.274967574578475649e-01,-2.075702075702068328e-01,-1.404761904761905100e+01
9.481837749481201172e-01,4.000000000000000000e+00,-6.389715419241603911e-02,1.221001221001216663e-02,-1.571428571428569398e+00
9.516324996948242188e-01,1.000000000000000000e+00,3.263523308155953373e-01,-2.564102564102554993e-01,-1.366666666666666430e+01
9.549744129180908203e-01,4.000000000000000000e+00,-6.427862973983344830e-02,-3.663003663003649990e-02,-1.603174603174601032e+00
9.582636356353759766e-01,1.000000000000000000e+00,3.244449530785082914e-01,-3.296703296703284991e-01,-1.331746031746031633e+01
9.615821838378906250e-01,4.000000000000000000e+00,-6.466010528725085749e-02,-6.105006105006083317e-02,-1.634920634920632665e+00
9.650216102600097656e-01,1.000000000000000000e+00,3.225375753414212454e-01,-4.029304029304014989e-01,-1.296825396825396837e+01
9.683663845062255859e-01,4.000000000000000000e+00,-6.504158083466826668e-02,-8.547008547008516643e-02,-1.571428571428569398e+00
9.717929363250732422e-01,1.000000000000000000e+00,3.210116731517516087e-01,-4.517704517704501654e-01,-1.284126984126984183e+01
9.752483367919921875e-01,4.000000000000000000e+00,-6.542305638208567586e-02,-1.098901098901094997e-01,-1.571428571428569398e+00
9.787123203277587891e-01,1.000000000000000000e+00,3.191042954146645627e-01,-4.517704517704501654e-01,-1.249206349206349387e+01
9.821772575378417969e-01,4.000000000000000000e+00,-6.618600747692049424e-02,-1.343101343101338330e-01,-1.539682539682537765e+00
9.855415821075439453e-01,1.000000000000000000e+00,3.175783932249949260e-01,-4.517704517704501654e-01,-1.233333333333333570e+01
9.888019561767578125e-01,4.000000000000000000e+00,-6.656748302433790343e-02,-1.343101343101338330e-01,-1.476190476190474499e+00
9.921419620513916016e-01,1.000000000000000000e+00,3.164339665827426984e-01,-4.517704517704501654e-01,-1.230158730158730407e+01
9.955763816833496094e-01,4.000000000000000000e+00,-6.733043411917272181e-02,-1.587301587301581662e-01,-1.507936507936506132e+00
9.990868568420410156e-01,1.000000000000000000e+00,3.152895399404904708e-01,-4.029304029304014989e-01,-1.214285714285714590e+01
1.002516984939575195e+00,4.000000000000000000e+00,-6.809338521400754018e-02,-1.831501831501824995e-01,-1.444444444444442865e+00
1.005958557128906250e+00,1.000000000000000000e+00,3.141451132982382433e-01,-4.029304029304014989e-01,-1.201587301587301937e+01
1.009454011917114258e+00,4.000000000000000000e+00,-6.923781185625976775e-02,-2.319902319902311660e-01,-1.285714285714284699e+00
1.012896060943603516e+00,1.000000000000000000e+00,3.130006866559860157e-01,-3.785103785103771656e-01,-1.201587301587301937e+01
1.016195774078369141e+00,4.000000000000000000e+00,-7.038223849851199532e-02,-2.808302808302798326e-01,-1.253968253968253066e+00
1.019706487655639648e+00,1.000000000000000000e+00,3.118562600137337881e-01,-3.540903540903528324e-01,-1.185714285714285410e+01
1.023045301437377930e+00,4.000000000000000000e+00,-7.152666514076422288e-02,-3.052503052503041658e-01,-1.063492063492063266e+00
1.026358366012573242e+00,1.000000000000000000e+00,3.107118333714815606e-01,-3.540903540903528324e-01,-1.185714285714285410e+01
1.029589414596557617e+00,1.000000000000000000e+00,3.091859311818119238e-01,-3.540903540903528324e-01,-1.173015873015872756e+01
1.032886266708374023e+00,4.000000000000000000e+00,-7.305256733043385964e-02,-3.296703296703284991e-01,-1.000000000000000000e+00
1.036151647567749023e+00,4.000000000000000000e+00,-7.419699397268608720e-02,-3.296703296703284991e-01,-9.365079365079367335e-01
1.039635896682739258e+00,1.000000000000000000e+00,3.080415045395596962e-01,-3.785103785103771656e-01,-1.160317460317460103e+01
1.043051004409790039e+00,4.000000000000000000e+00,-7.534142061493831477e-02,-3.540903540903528324e-01,-8.730158730158734670e-01
1.046354293823242188e+00,1.000000000000000000e+00,3.072785534447248779e-01,-3.540903540903528324e-01,-1.144444444444444287e+01
1.049795389175415039e+00,4.000000000000000000e+00,-7.648584725719054234e-02,-3.540903540903528324e-01,-8.095238095238102005e-01
1.053237438201904297e+00,1.000000000000000000e+00,3.057526512550552411e-01,-3.785103785103771656e-01,-1.141269841269841123e+01
1.056825160980224609e+00,4.000000000000000000e+00,-7.763027389944276990e-02,-3.540903540903528324e-01,-7.777777777777714618e-01
1.060263633728027344e+00,1.000000000000000000e+00,3.046082246128030135e-01,-3.785103785103771656e-01,-1.119047619047618980e+01
1.063496589660644531e+00,4.000000000000000000e+00,-7.877470054169499747e-02,-3.296703296703284991e-01,-8.095238095238102005e-01
1.066748619079589844e+00,1.000000000000000000e+00,3.030823224231333768e-01,-4.029304029304014989e-01,-1.106349206349206327e+01
1.070047616958618164e+00,4.000000000000000000e+00,-7.953765163652981585e-02,-3.052503052503041658e-01,-8.095238095238102005e-01
1.073495388031005859e+00,1.000000000000000000e+00,3.015564202334637400e-01,-4.029304029304014989e-01,-1.080952380952381020e+01
1.076880693435668945e+00,4.000000000000000000e+00,-8.030060273136463422e-02,-3.052503052503041658e-01,-8.412698412698347283e-01
1.080307006835937500e+00,4.000000000000000000e+00,-8.068207827878204341e-02,-2.564102564102554993e-01,-9.682539682539612613e-01
1.083740234375000000e+00,1.000000000000000000e+00,2.977416647592896481e-01,-4.761904761904744987e-01,-1.042857142857143060e+01
1.087125062942504883e+00,4.000000000000000000e+00,-8.106355382619945260e-02,-2.075702075702068328e-01,-1.031746031746031633e+00
1.090471029281616211e+00,1.000000000000000000e+00,2.962157625696200114e-01,-5.006105006104988320e-01,-1.007936507936508264e+01
1.093770980834960938e+00,4.000000000000000000e+00,-8.144502937361686179e-02,-1.831501831501824995e-01,-1.190476190476189799e+00
1.097042560577392578e+00,1.000000000000000000e+00,2.939269092851155563e-01,-5.494505494505474985e-01,-9.952380952380948997e+00
1.100292682647705078e+00,4.000000000000000000e+00,-8.144502937361686179e-02,-1.587301587301581662e-01,-1.349206349206347966e+00
1.103671789169311523e+00,1.000000000000000000e+00,2.916380560006111011e-01,-5.738705738705718318e-01,-9.666666666666664298e+00
1.107013225555419922e+00,4.000000000000000000e+00,-8.144502937361686179e-02,-1.098901098901094997e-01,-1.444444444444442865e+00
1.110365629196166992e+00,1.000000000000000000e+00,2.893492027161066460e-01,-5.982905982905961650e-01,-9.285714285714284699e+00
1.113885164260864258e+00,4.000000000000000000e+00,-8.182650492103427098e-02,-1.098901098901094997e-01,-1.539682539682537765e+00
1.117527961730957031e+00,1.000000000000000000e+00,2.870603494316021909e-01,-6.227106227106204983e-01,-9.158730158730158166e+00
1.121036529541015625e+00,4.000000000000000000e+00,-8.220798046845168017e-02,-1.098901098901094997e-01,-1.634920634920632665e+00
1.124330282211303711e+00,1.000000000000000000e+00,2.851529716945151449e-01,-6.227106227106204983e-01,-8.873015873015873467e+00
1.127716302871704102e+00,4.000000000000000000e+00,-8.258945601586908936e-02,-1.098901098901094997e-01,-1.634920634920632665e+00
1.130974769592285156e+00,1.000000000000000000e+00,2.828641184100106898e-01,-6.227106227106204983e-01,-8.650793650793652034e+00
1.134339570999145508e+00,4.000000000000000000e+00,-8.297093156328649854e-02,-1.343101343101338330e-01,-1.603174603174601032e+00
1.137653827667236328e+00,1.000000000000000000e+00,2.809567406729236438e-01,-6.227106227106204983e-01,-8.333333333333335702e+00
1.140965461730957031e+00,4.000000000000000000e+00,-8.373388265812131692e-02,-1.587301587301581662e-01,-1.634920634920632665e+00
1.144323825836181641e+00,1.000000000000000000e+00,2.790493629358365979e-01,-5.982905982905961650e-01,-8.269841269841272435e+00
1.147660732269287109e+00,4.000000000000000000e+00,-8.449683375295613530e-02,-1.831501831501824995e-01,-1.571428571428569398e+00
1.151067018508911133e+00,1.000000000000000000e+00,2.771419851987495520e-01,-5.738705738705718318e-01,-8.174603174603177536e+00
1.154688119888305664e+00,4.000000000000000000e+00,-8.564126039520836287e-02,-2.075702075702068328e-01,-1.507936507936506132e+00
1.158179998397827148e+00,1.000000000000000000e+00,2.756160830090799152e-01,-5.494505494505474985e-01,-8.015873015873019369e+00
1.161463737487792969e+00,4.000000000000000000e+00,-8.678568703746059043e-02,-2.564102564102554993e-01,-1.539682539682537765e+00
1.164776325225830078e+00,1.000000000000000000e+00,2.740901808194102784e-01,-5.250305250305231652e-01,-7.984126984126980631e+00
1.168143987655639648e+00,4.000000000000000000e+00,-8.754863813229540881e-02,-2.564102564102554993e-01,-1.412698412698411232e+00
1.171477556228637695e+00,1.000000000000000000e+00,2.729457541771580509e-01,-4.761904761904744987e-01,-7.857142857142854098e+00
1.174784660339355469e+00,4.000000000000000000e+00,-8.869306477454763638e-02,-3.052503052503041658e-01,-1.317460317460316332e+00
1.178420543670654297e+00,1.000000000000000000e+00,2.714198519874884141e-01,-4.761904761904744987e-01,-7.888888888888885731e+00
1.182033538818359375e+00,4.000000000000000000e+00,-9.021896696421727313e-02,-3.296703296703284991e-01,-1.349206349206347966e+00
1.185299158096313477e+00,4.000000000000000000e+00,-9.098191805905209151e-02,-3.052503052503041658e-01,-1.222222222222221433e+00
1.188756227493286133e+00,1.000000000000000000e+00,2.687495231555665498e-01,-4.273504273504258322e-01,-7.634920634920632665e+00
1.192111253738403320e+00,4.000000000000000000e+00,-9.250782024872172826e-02,-3.296703296703284991e-01,-1.253968253968253066e+00
1.195397853851318359e+00,1.000000000000000000e+00,2.668421454184795039e-01,-4.517704517704501654e-01,-7.444444444444442865e+00
1.198803901672363281e+00,4.000000000000000000e+00,-9.327077134355654664e-02,-3.296703296703284991e-01,-1.190476190476189799e+00
1.202282905578613281e+00,1.000000000000000000e+00,2.653162432288098671e-01,-4.761904761904744987e-01,-7.412698412698411232e+00
1.205719470977783203e+00,4.000000000000000000e+00,-9.441519798580877421e-02,-3.296703296703284991e-01,-1.158730158730158166e+00
1.209214448928833008e+00,1.000000000000000000e+00,2.637903410391402304e-01,-4.761904761904744987e-01,-7.126984126984126533e+00
1.212674617767333984e+00,4.000000000000000000e+00,-9.555962462806100177e-02,-3.296703296703284991e-01,-1.222222222222221433e+00
1.216176033020019531e+00,1.000000000000000000e+00,2.622644388494705936e-01,-4.761904761904744987e-01,-6.936507936507936734e+00
1.219451189041137695e+00,4.000000000000000000e+00,-9.632257572289582015e-02,-3.296703296703284991e-01,-1.222222222222221433e+00
1.222911357879638672e+00,1.000000000000000000e+00,2.599755855649661385e-01,-5.006105006104988320e-01,-6.873015873015873467e+00
1.226356267929077148e+00,4.000000000000000000e+00,-9.746700236514804772e-02,-3.296703296703284991e-01,-1.253968253968253066e+00
1.229898452758789062e+00,4.000000000000000000e+00,-9.861142900740027528e-02,-3.296703296703284991e-01,-1.253968253968253066e+00
1.233353853225708008e+00,1.000000000000000000e+00,2.565423056382094558e-01,-5.250305250305231652e-01,-6.365079365079367335e+00
1.236658096313476562e+00,4.000000000000000000e+00,-9.937438010223509366e-02,-3.052503052503041658e-01,-1.190476190476189799e+00
1.239955902099609375e+00,1.000000000000000000e+00,2.546349279011224098e-01,-5.494505494505474985e-01,-6.333333333333335702e+00
1.243263721466064453e+00,4.000000000000000000e+00,-1.005188067444873212e-01,-3.296703296703284991e-01,-1.222222222222221433e+00
1.246739864349365234e+00,1.000000000000000000e+00,2.531090257114527731e-01,-5.250305250305231652e-01,-6.111111111111114269e+00
1.250023841857910156e+00,4.000000000000000000e+00,-1.016632333867395488e-01,-3.052503052503041658e-01,-1.190476190476189799e+00
1.253396749496459961e+00,1.000000000000000000e+00,2.515831235217831363e-01,-5.006105006104988320e-01,-6.047619047619051003e+00
1.256914138793945312e+00,4.000000000000000000e+00,-1.028076600289917764e-01,-3.296703296703284991e-01,-1.158730158730158166e+00
1.260402679443359375e+00,1.000000000000000000e+00,2.500572213321134996e-01,-5.006105006104988320e-01,-5.952380952380948997e+00
1.263694047927856445e+00,4.000000000000000000e+00,-1.039520866712440039e-01,-3.296703296703284991e-01,-1.158730158730158166e+00
1.267138242721557617e+00,1.000000000000000000e+00,2.485313191424420864e-01,-4.761904761904744987e-01,-5.952380952380948997e+00
1.270577907562255859e+00,4.000000000000000000e+00,-1.050965133134962315e-01,-3.296703296703284991e-01,-1.095238095238094900e+00
1.273855447769165039e+00,1.000000000000000000e+00,2.473868925001898589e-01,-4.517704517704501654e-01,-5.761904761904759198e+00
1.277433872222900391e+00,4.000000000000000000e+00,-1.062409399557484591e-01,-3.540903540903528324e-01,-1.095238095238094900e+00
1.280787467956542969e+00,1.000000000000000000e+00,2.458609903105202221e-01,-4.517704517704501654e-01,-5.730158730158727565e+00
1.284018993377685547e+00,4.000000000000000000e+00,-1.073853665980006866e-01,-3.540903540903528324e-01,-1.063492063492063266e+00
1.287262439727783203e+00,1.000000000000000000e+00,2.447165636682679946e-01,-4.517704517704501654e-01,-5.698412698412695931e+00
1.290710210800170898e+00,4.000000000000000000e+00,-1.085297932402529142e-01,-3.540903540903528324e-01,-9.682539682539612613e-01
1.294275522232055664e+00,1.000000000000000000e+00,2.435721370260157670e-01,-4.029304029304014989e-01,-5.666666666666664298e+00
1.297652006149291992e+00,4.000000000000000000e+00,-1.100556954299225509e-01,-3.785103785103771656e-01,-1.063492063492063266e+00
1.301166296005249023e+00,1.000000000000000000e+00,2.428091859311809486e-01,-3.540903540903528324e-01,-5.603174603174601032e+00
1.304600238800048828e+00,4.000000000000000000e+00,-1.108186465247573693e-01,-3.540903540903528324e-01,-1.063492063492063266e+00
1.308034658432006836e+00,1.000000000000000000e+00,2.416647592889287210e-01,-3.540903540903528324e-01,-5.634920634920632665e+00
1.311478137969970703e+00,4.000000000000000000e+00,-1.119630731670095969e-01,-3.540903540903528324e-01,-1.095238095238094900e+00
1.314989328384399414e+00,4.000000000000000000e+00,-1.127260242618444153e-01,-3.052503052503041658e-01,-1.095238095238094900e+00
1.318238973617553711e+00,1.000000000000000000e+00,2.401388570992590843e-01,-3.052503052503041658e-01,-5.507936507936506132e+00
1.321694374084472656e+00,4.000000000000000000e+00,-1.134889753566792336e-01,-3.052503052503041658e-01,-1.222222222222221433e+00
1.325246095657348633e+00,1.000000000000000000e+00,2.389944304570068567e-01,-3.052503052503041658e-01,-5.634920634920632665e+00
1.328735113143920898e+00,4.000000000000000000e+00,-1.142519264515140520e-01,-2.808302808302798326e-01,-1.317460317460316332e+00
1.332159996032714844e+00,1.000000000000000000e+00,2.382314793621720383e-01,-3.052503052503041658e-01,-5.539682539682537765e+00
1.335581064224243164e+00,4.000000000000000000e+00,-1.146334019989314612e-01,-2.319902319902311660e-01,-1.380952380952379599e+00
1.339003801345825195e+00,1.000000000000000000e+00,2.374685282673372200e-01,-3.052503052503041658e-01,-5.539682539682537765e+00
1.342448234558105469e+00,4.000000000000000000e+00,-1.153963530937662796e-01,-2.319902319902311660e-01,-1.444444444444442865e+00
1.345886468887329102e+00,1.000000000000000000e+00,2.363241016250849924e-01,-3.052503052503041658e-01,-5.539682539682537765e+00
1.349300384521484375e+00,4.000000000000000000e+00,-1.157778286411836888e-01,-2.075702075702068328e-01,-1.539682539682537765e+00
1.352735757827758789e+00,1.000000000000000000e+00,2.355611505302501740e-01,-2.808302808302798326e-01,-5.476190476190474499e+00
1.356345653533935547e+00,4.000000000000000000e+00,-1.165407797360185072e-01,-2.319902319902311660e-01,-1.507936507936506132e+00
1.359797716140747070e+00,1.000000000000000000e+00,2.344167238879979465e-01,-2.808302808302798326e-01,-5.444444444444442865e+00
1.363230943679809570e+00,4.000000000000000000e+00,-1.176852063782707347e-01,-2.319902319902311660e-01,-1.476190476190474499e+00
1.366663932800292969e+00,1.000000000000000000e+00,2.332722972457457189e-01,-3.052503052503041658e-01,-5.444444444444442865e+00
1.370101451873779297e+00,4.000000000000000000e+00,-1.188296330205229623e-01,-2.808302808302798326e-01,-1.444444444444442865e+00
1.373542785644531250e+00,1.000000000000000000e+00,2.325093461509109005e-01,-2.808302808302798326e-01,-5.380952380952379599e+00
1.376975536346435547e+00,4.000000000000000000e+00,-1.199740596627751898e-01,-2.808302808302798326e-01,-1.476190476190474499e+00
1.380405902862548828e+00,1.000000000000000000e+00,2.317463950560760821e-01,-2.808302808302798326e-01,-5.349206349206347966e+00
1.383850574493408203e+00,4.000000000000000000e+00,-1.211184863050274174e-01,-3.052503052503041658e-01,-1.412698412698411232e+00
1.387449264526367188e+00,1.000000000000000000e+00,2.309834439612412638e-01,-2.564102564102554993e-01,-5.380952380952379599e+00
1.390886068344116211e+00,4.000000000000000000e+00,-1.222629129472796450e-01,-3.296703296703284991e-01,-1.317460317460316332e+00
1.394321680068969727e+00,1.000000000000000000e+00,2.306019684138238546e-01,-2.319902319902311660e-01,-5.380952380952379599e+00
1.397768259048461914e+00,4.000000000000000000e+00,-1.234073395895318725e-01,-3.296703296703284991e-01,-1.380952380952379599e+00
1.401212930679321289e+00,1.000000000000000000e+00,2.298390173189890362e-01,-2.319902319902311660e-01,-5.380952380952379599e+00
1.404655933380126953e+00,4.000000000000000000e+00,-1.241702906843666909e-01,-3.296703296703284991e-01,-1.253968253968253066e+00
1.408114433288574219e+00,1.000000000000000000e+00,2.294575417715716270e-01,-2.075702075702068328e-01,-5.444444444444442865e+00
1.411551237106323242e+00,4.000000000000000000e+00,-1.256961928740363277e-01,-3.540903540903528324e-01,-1.317460317460316332e+00
1.415005445480346680e+00,1.000000000000000000e+00,2.286945906767368086e-01,-2.075702075702068328e-01,-5.507936507936506132e+00
1.418501853942871094e+00,4.000000000000000000e+00,-1.268406195162885552e-01,-3.296703296703284991e-01,-1.317460317460316332e+00
1.422009229660034180e+00,1.000000000000000000e+00,2.283131151293193994e-01,-1.831501831501824995e-01,-5.603174603174601032e+00
1.425261735916137695e+00,4.000000000000000000e+00,-1.279850461585407828e-01,-3.540903540903528324e-01,-1.222222222222221433e+00
1.428698301315307617e+00,1.000000000000000000e+00,2.279316395819019903e-01,-1.587301587301581662e-01,-5.666666666666664298e+00
1.432210445404052734e+00,4.000000000000000000e+00,-1.295109483482104196e-01,-3.785103785103771656e-01,-1.222222222222221433e+00
1.435418605804443359e+00,1.000000000000000000e+00,2.275501640344845811e-01,-1.587301587301581662e-01,-5.761904761904759198e+00
1.438848733901977539e+00,4.000000000000000000e+00,-1.306553749904626471e-01,-3.785103785103771656e-01,-1.190476190476189799e+00
1.442282199859619141e+00,1.000000000000000000e+00,2.275501640344845811e-01,-1.098901098901094997e-01,-5.825396825396822464e+00
1.445709466934204102e+00,4.000000000000000000e+00,-1.321812771801322839e-01,-4.029304029304014989e-01,-1.190476190476189799e+00
1.449259757995605469e+00,1.000000000000000000e+00,2.271686884870671719e-01,-1.098901098901094997e-01,-5.920634920634917364e+00
1.452706575393676758e+00,4.000000000000000000e+00,-1.333257038223845115e-01,-3.785103785103771656e-01,-1.126984126984126533e+00
1.456130981445312500e+00,1.000000000000000000e+00,2.271686884870671719e-01,-8.547008547008516643e-02,-6.047619047619051003e+00
1.459560871124267578e+00,4.000000000000000000e+00,-1.344701304646367390e-01,-3.785103785103771656e-01,-1.126984126984126533e+00
1.462993144989013672e+00,1.000000000000000000e+00,2.267872129396497627e-01,-8.547008547008516643e-02,-6.079365079365082636e+00
1.466456413269042969e+00,4.000000000000000000e+00,-1.356145571068889666e-01,-3.540903540903528324e-01,-1.095238095238094900e+00
1.469895124435424805e+00,1.000000000000000000e+00,2.267872129396497627e-01,-8.547008547008516643e-02,-6.142857142857145902e+00
1.473333358764648438e+00,4.000000000000000000e+00,-1.367589837491411942e-01,-3.540903540903528324e-01,-1.190476190476189799e+00
1.476780652999877930e+00,1.000000000000000000e+00,2.267872129396497627e-01,-8.547008547008516643e-02,-6.238095238095240802e+00
1.480286359786987305e+00,4.000000000000000000e+00,-1.375219348439760125e-01,-3.052503052503041658e-01,-1.222222222222221433e+00
1.483724117279052734e+00,1.000000000000000000e+00,2.264057373922323535e-01,-8.547008547008516643e-02,-6.301587301587304069e+00
1.487159252166748047e+00,4.000000000000000000e+00,-1.386663614862282401e-01,-3.296703296703284991e-01,-1.222222222222221433e+00
1.490599393844604492e+00,1.000000000000000000e+00,2.260242618448149443e-01,-8.547008547008516643e-02,-6.301587301587304069e+00
1.494039535522460938e+00,4.000000000000000000e+00,-1.398107881284804677e-01,-3.296703296703284991e-01,-1.317460317460316332e+00
1.497481346130371094e+00,1.000000000000000000e+00,2.256427862973975351e-01,-8.547008547008516643e-02,-6.428571428571430602e+00
1.500915050506591797e+00,4.000000000000000000e+00,-1.401922636758978769e-01,-3.052503052503041658e-01,-1.285714285714284699e+00
1.504356861114501953e+00,1.000000000000000000e+00,2.256427862973975351e-01,-6.105006105006083317e-02,-6.460317460317462235e+00
1.507807970046997070e+00,4.000000000000000000e+00,-1.417181658655675136e-01,-3.052503052503041658e-01,-1.285714285714284699e+00
1.511337995529174805e+00,1.000000000000000000e+00,2.252613107499801259e-01,-8.547008547008516643e-02,-6.523809523809525501e+00
1.514792919158935547e+00,4.000000000000000000e+00,-1.424811169604023320e-01,-2.808302808302798326e-01,-1.380952380952379599e+00
1.518236875534057617e+00,1.000000000000000000e+00,2.252613107499801259e-01,-6.105006105006083317e-02,-6.650793650793652034e+00
1.521668672561645508e+00,4.000000000000000000e+00,-1.432440680552371504e-01,-3.052503052503041658e-01,-1.317460317460316332e+00
1.525110244750976562e+00,1.000000000000000000e+00,2.252613107499801259e-01,-6.105006105006083317e-02,-6.746031746031746934e+00
1.528553485870361328e+00,4.000000000000000000e+00,-1.443884946974893779e-01,-3.052503052503041658e-01,-1.349206349206347966e+00
1.531983613967895508e+00,1.000000000000000000e+00,2.252613107499801259e-01,-3.663003663003649990e-02,-6.841269841269841834e+00
1.535412311553955078e+00,4.000000000000000000e+00,-1.455329213397416055e-01,-3.052503052503041658e-01,-1.380952380952379599e+00
1.538933753967285156e+00,1.000000000000000000e+00,2.252613107499801259e-01,-3.663003663003649990e-02,-6.968253968253968367e+00
1.542469739913940430e+00,1.000000000000000000e+00,2.256427862973975351e-01,-1.221001221001216663e-02,-7.095238095238094900e+00
1.545908451080322266e+00,4.000000000000000000e+00,-1.462958724345764239e-01,-3.052503052503041658e-01,-1.253968253968253066e+00
1.549350976943969727e+00,4.000000000000000000e+00,-1.474402990768286514e-01,-3.296703296703284991e-01,-1.349206349206347966e+00
1.552787303924560547e+00,1.000000000000000000e+00,2.256427862973975351e-01,-1.221001221001216663e-02,-7.253968253968253066e+00
1.556225061416625977e+00,4.000000000000000000e+00,-1.485847257190808790e-01,-3.052503052503041658e-01,-1.349206349206347966e+00
1.559676170349121094e+00,1.000000000000000000e+00,2.256427862973975351e-01,1.221001221001216663e-02,-7.349206349206347966e+00
1.563113451004028320e+00,4.000000000000000000e+00,-1.493476768139156974e-01,-3.052503052503041658e-01,-1.285714285714284699e+00
1.566561937332153320e+00,1.000000000000000000e+00,2.256427862973975351e-01,1.221001221001216663e-02,-7.507936507936506132e+00
1.570007085800170898e+00,4.000000000000000000e+00,-1.504921034561679249e-01,-3.052503052503041658e-01,-1.412698412698411232e+00
1.573528289794921875e+00,1.000000000000000000e+00,2.260242618448149443e-01,1.221001221001216663e-02,-7.603174603174601032e+00
1.576962232589721680e+00,4.000000000000000000e+00,-1.512550545510027433e-01,-2.808302808302798326e-01,-1.412698412698411232e+00
1.580405950546264648e+00,1.000000000000000000e+00,2.260242618448149443e-01,1.221001221001216663e-02,-7.730158730158727565e+00
1.583850383758544922e+00,4.000000000000000000e+00,-1.520180056458375617e-01,-2.808302808302798326e-01,-1.412698412698411232e+00
1.587282657623291016e+00,1.000000000000000000e+00,2.260242618448149443e-01,1.221001221001216663e-02,-7.857142857142854098e+00
1.590726375579833984e+00,4.000000000000000000e+00,-1.531624322880897893e-01,-2.808302808302798326e-01,-1.539682539682537765e+00
1.594177484512329102e+00,1.000000000000000000e+00,2.264057373922323535e-01,3.663003663003649990e-02,-7.984126984126980631e+00
1.597618579864501953e+00,4.000000000000000000e+00,-1.539253833829246076e-01,-2.808302808302798326e-01,-1.507936507936506132e+00
1.601060867309570312e+00,1.000000000000000000e+00,2.264057373922323535e-01,1.221001221001216663e-02,-8.079365079365082636e+00
1.604554414749145508e+00,4.000000000000000000e+00,-1.546883344777594260e-01,-2.808302808302798326e-01,-1.444444444444442865e+00
1.607780456542968750e+00,1.000000000000000000e+00,2.264057373922323535e-01,1.221001221001216663e-02,-8.206349206349209169e+00
1.611006021499633789e+00,4.000000000000000000e+00,-1.562142366674290628e-01,-3.052503052503041658e-01,-1.539682539682537765e+00
1.614247798919677734e+00,1.000000000000000000e+00,2.267872129396497627e-01,3.663003663003649990e-02,-8.301587301587304069e+00
1.617559432983398438e+00,4.000000000000000000e+00,-1.569771877622638812e-01,-3.052503052503041658e-01,-1.444444444444442865e+00
1.620898008346557617e+00,1.000000000000000000e+00,2.267872129396497627e-01,3.663003663003649990e-02,-8.396825396825398968e+00
1.624215602874755859e+00,4.000000000000000000e+00,-1.585030899519335179e-01,-3.540903540903528324e-01,-1.380952380952379599e+00
1.627608299255371094e+00,1.000000000000000000e+00,2.267872129396497627e-01,3.663003663003649990e-02,-8.555555555555557135e+00
1.630915641784667969e+00,4.000000000000000000e+00,-1.596475165941857455e-01,-3.540903540903528324e-01,-1.412698412698411232e+00
1.634366512298583984e+00,1.000000000000000000e+00,2.271686884870671719e-01,1.221001221001216663e-02,-8.650793650793652034e+00
1.637684822082519531e+00,4.000000000000000000e+00,-1.604104676890205639e-01,-3.296703296703284991e-01,-1.349206349206347966e+00
1.640995979309082031e+00,1.000000000000000000e+00,2.271686884870671719e-01,1.221001221001216663e-02,-8.714285714285715301e+00
1.644307613372802734e+00,4.000000000000000000e+00,-1.615548943312727914e-01,-3.296703296703284991e-01,-1.380952380952379599e+00
1.647612094879150391e+00,1.000000000000000000e+00,2.271686884870671719e-01,1.221001221001216663e-02,-8.809523809523810201e+00
1.650962352752685547e+00,4.000000000000000000e+00,-1.626993209735250190e-01,-3.296703296703284991e-01,-1.380952380952379599e+00
1.654266357421875000e+00,1.000000000000000000e+00,2.271686884870671719e-01,1.221001221001216663e-02,-8.904761904761905100e+00
1.657566308975219727e+00,4.000000000000000000e+00,-1.634622720683598374e-01,-3.296703296703284991e-01,-1.349206349206347966e+00
1.660854339599609375e+00,1.000000000000000000e+00,2.267872129396497627e-01,-1.221001221001216663e-02,-9.000000000000000000e+00
1.664103746414184570e+00,4.000000000000000000e+00,-1.646066987106120649e-01,-3.296703296703284991e-01,-1.412698412698411232e+00
1.667420625686645508e+00,1.000000000000000000e+00,2.267872129396497627e-01,-1.221001221001216663e-02,-9.126984126984126533e+00
1.670706987380981445e+00,4.000000000000000000e+00,-1.657511253528642925e-01,-3.296703296703284991e-01,-1.380952380952379599e+00
1.673997402191162109e+00,1.000000000000000000e+00,2.267872129396497627e-01,-1.221001221001216663e-02,-9.253968253968253066e+00
1.677298545837402344e+00,4.000000000000000000e+00,-1.668955519951165201e-01,-3.296703296703284991e-01,-1.349206349206347966e+00
1.680676698684692383e+00,1.000000000000000000e+00,2.267872129396497627e-01,-1.221001221001216663e-02,-9.317460317460316332e+00
1.683976888656616211e+00,4.000000000000000000e+00,-1.680399786373687476e-01,-3.540903540903528324e-01,-1.380952380952379599e+00
1.687285423278808594e+00,1.000000000000000000e+00,2.267872129396497627e-01,-1.221001221001216663e-02,-9.476190476190474499e+00
1.690594673156738281e+00,4.000000000000000000e+00,-1.691844052796209752e-01,-3.540903540903528324e-01,-1.285714285714284699e+00
1.693889617919921875e+00,1.000000000000000000e+00,2.267872129396497627e-01,-1.221001221001216663e-02,-9.571428571428569398e+00
1.697298765182495117e+00,4.000000000000000000e+00,-1.703288319218732028e-01,-3.540903540903528324e-01,-1.317460317460316332e+00
1.700608968734741211e+00,1.000000000000000000e+00,2.271686884870671719e-01,1.221001221001216663e-02,-9.666666666666664298e+00
1.703907012939453125e+00,4.000000000000000000e+00,-1.714732585641254303e-01,-3.540903540903528324e-01,-1.285714285714284699e+00
1.707206964492797852e+00,1.000000000000000000e+00,2.267872129396497627e-01,-1.221001221001216663e-02,-9.761904761904759198e+00
1.710533618927001953e+00,4.000000000000000000e+00,-1.726176852063776579e-01,-3.540903540903528324e-01,-1.349206349206347966e+00
1.713890790939331055e+00,1.000000000000000000e+00,2.267872129396497627e-01,-1.221001221001216663e-02,-9.888888888888885731e+00
1.717197418212890625e+00,4.000000000000000000e+00,-1.733806363012124763e-01,-3.296703296703284991e-01,-1.317460317460316332e+00
1.720514059066772461e+00,1.000000000000000000e+00,2.267872129396497627e-01,-3.663003663003649990e-02,-9.952380952380948997e+00
1.723820686340332031e+00,4.000000000000000000e+00,-1.745250629434647038e-01,-3.296703296703284991e-01,-1.285714285714284699e+00
1.727258920669555664e+00,1.000000000000000000e+00,2.264057373922323535e-01,-6.105006105006083317e-02,-9.984126984126980631e+00
1.730588197708129883e+00,4.000000000000000000e+00,-1.752880140382995222e-01,-3.052503052503041658e-01,-1.349206349206347966e+00
1.733896970748901367e+00,1.000000000000000000e+00,2.260242618448149443e-01,-6.105006105006083317e-02,-1.001587301587301937e+01
1.737195491790771484e+00,4.000000000000000000e+00,-1.760509651331343406e-01,-3.052503052503041658e-01,-1.349206349206347966e+00
1.740492582321166992e+00,1.000000000000000000e+00,2.256427862973975351e-01,-1.098901098901094997e-01,-1.004761904761905100e+01
1.743948221206665039e+00,4.000000000000000000e+00,-1.771953917753865682e-01,-3.052503052503041658e-01,-1.317460317460316332e+00
1.747246503829956055e+00,1.000000000000000000e+00,2.252613107499801259e-01,-8.547008547008516643e-02,-1.004761904761905100e+01
1.750550746917724609e+00,4.000000000000000000e+00,-1.783398184176387957e-01,-3.052503052503041658e-01,-1.412698412698411232e+00
1.753857374191284180e+00,1.000000000000000000e+00,2.248798352025627167e-01,-1.098901098901094997e-01,-1.014285714285714590e+01
1.757168292999267578e+00,4.000000000000000000e+00,-1.791027695124736141e-01,-3.052503052503041658e-01,-1.317460317460316332e+00
1.760527610778808594e+00,1.000000000000000000e+00,2.244983596551453076e-01,-1.098901098901094997e-01,-1.017460317460317754e+01
1.763829469680786133e+00,4.000000000000000000e+00,-1.802471961547258417e-01,-3.052503052503041658e-01,-1.349206349206347966e+00
1.767138004302978516e+00,1.000000000000000000e+00,2.241168841077278984e-01,-1.098901098901094997e-01,-1.026984126984127244e+01
1.770447015762329102e+00,4.000000000000000000e+00,-1.810101472495606600e-01,-3.052503052503041658e-01,-1.444444444444442865e+00
1.773869276046752930e+00,1.000000000000000000e+00,2.233539330128930800e-01,-1.343101343101338330e-01,-1.030158730158730407e+01
1.777170658111572266e+00,4.000000000000000000e+00,-1.817730983443954784e-01,-2.564102564102554993e-01,-1.380952380952379599e+00
1.780473709106445312e+00,1.000000000000000000e+00,2.229724574654756708e-01,-1.343101343101338330e-01,-1.042857142857143060e+01
1.783787012100219727e+00,4.000000000000000000e+00,-1.825360494392302968e-01,-2.808302808302798326e-01,-1.412698412698411232e+00
1.787079811096191406e+00,1.000000000000000000e+00,2.225909819180582616e-01,-1.343101343101338330e-01,-1.046031746031746223e+01
1.790461063385009766e+00,4.000000000000000000e+00,-1.836804760814825244e-01,-2.808302808302798326e-01,-1.507936507936506132e+00
1.793770313262939453e+00,1.000000000000000000e+00,2.222095063706408524e-01,-1.587301587301581662e-01,-1.049206349206349387e+01
1.797070980072021484e+00,4.000000000000000000e+00,-1.840619516288999336e-01,-2.319902319902311660e-01,-1.507936507936506132e+00
1.800371646881103516e+00,1.000000000000000000e+00,2.214465552758060340e-01,-1.587301587301581662e-01,-1.052380952380952550e+01
1.803866624832153320e+00,4.000000000000000000e+00,-1.852063782711521611e-01,-2.808302808302798326e-01,-1.476190476190474499e+00
1.807551622390747070e+00,1.000000000000000000e+00,2.206836041809712157e-01,-1.831501831501824995e-01,-1.058730158730158877e+01
1.811173677444458008e+00,4.000000000000000000e+00,-1.863508049134043887e-01,-2.808302808302798326e-01,-1.539682539682537765e+00
1.814722299575805664e+00,1.000000000000000000e+00,2.199206530861363973e-01,-1.831501831501824995e-01,-1.052380952380952550e+01
1.818286180496215820e+00,4.000000000000000000e+00,-1.867322804608217979e-01,-2.564102564102554993e-01,-1.476190476190474499e+00
1.821893930435180664e+00,1.000000000000000000e+00,2.191577019913015789e-01,-2.075702075702068328e-01,-1.052380952380952550e+01
1.825368404388427734e+00,4.000000000000000000e+00,-1.878767071030740254e-01,-2.808302808302798326e-01,-1.444444444444442865e+00
1.828820466995239258e+00,1.000000000000000000e+00,2.183947508964667605e-01,-2.075702075702068328e-01,-1.049206349206349387e+01
1.832259178161621094e+00,4.000000000000000000e+00,-1.890211337453262530e-01,-2.808302808302798326e-01,-1.507936507936506132e+00
1.835696220397949219e+00,1.000000000000000000e+00,2.176317998016319422e-01,-2.319902319902311660e-01,-1.052380952380952550e+01
1.839153528213500977e+00,4.000000000000000000e+00,-1.897840848401610714e-01,-2.564102564102554993e-01,-1.444444444444442865e+00
1.842462301254272461e+00,1.000000000000000000e+00,2.164873731593797146e-01,-2.564102564102554993e-01,-1.065079365079365203e+01
1.845899581909179688e+00,4.000000000000000000e+00,-1.905470359349958898e-01,-2.564102564102554993e-01,-1.476190476190474499e+00
1.849227190017700195e+00,1.000000000000000000e+00,2.157244220645448962e-01,-2.319902319902311660e-01,-1.058730158730158877e+01
1.852749109268188477e+00,4.000000000000000000e+00,-1.913099870298307081e-01,-2.564102564102554993e-01,-1.507936507936506132e+00
1.856209278106689453e+00,1.000000000000000000e+00,2.149614709697100778e-01,-2.319902319902311660e-01,-1.058730158730158877e+01
1.859646797180175781e+00,4.000000000000000000e+00,-1.924544136720829357e-01,-2.808302808302798326e-01,-1.507936507936506132e+00
1.863083124160766602e+00,1.000000000000000000e+00,2.138170443274578503e-01,-2.808302808302798326e-01,-1.052380952380952550e+01
1.866513729095458984e+00,4.000000000000000000e+00,-1.932173647669177541e-01,-2.564102564102554993e-01,-1.412698412698411232e+00
1.870019674301147461e+00,1.000000000000000000e+00,2.130540932326230319e-01,-2.808302808302798326e-01,-1.049206349206349387e+01
1.873461008071899414e+00,4.000000000000000000e+00,-1.943617914091699816e-01,-3.052503052503041658e-01,-1.476190476190474499e+00
1.876899003982543945e+00,1.000000000000000000e+00,2.119096665903708043e-01,-2.808302808302798326e-01,-1.046031746031746223e+01
1.880335092544555664e+00,4.000000000000000000e+00,-1.951247425040048000e-01,-2.808302808302798326e-01,-1.444444444444442865e+00
1.883879184722900391e+00,1.000000000000000000e+00,2.103837644007011676e-01,-3.296703296703284991e-01,-1.055555555555555713e+01
1.887315034866333008e+00,4.000000000000000000e+00,-1.962691691462570276e-01,-2.808302808302798326e-01,-1.349206349206347966e+00
1.890762329101562500e+00,1.000000000000000000e+00,2.096208133058663492e-01,-3.052503052503041658e-01,-1.042857142857143060e+01
1.894196748733520508e+00,4.000000000000000000e+00,-1.970321202410918460e-01,-2.808302808302798326e-01,-1.444444444444442865e+00
1.897666692733764648e+00,1.000000000000000000e+00,2.080949111161967124e-01,-3.540903540903528324e-01,-1.036507936507936734e+01
1.901109933853149414e+00,4.000000000000000000e+00,-1.977950713359266643e-01,-2.808302808302798326e-01,-1.444444444444442865e+00
1.904540777206420898e+00,1.000000000000000000e+00,2.069504844739444849e-01,-3.540903540903528324e-01,-1.030158730158730407e+01
1.907972097396850586e+00,4.000000000000000000e+00,-1.985580224307614827e-01,-2.564102564102554993e-01,-1.412698412698411232e+00
1.911425590515136719e+00,1.000000000000000000e+00,2.054245822842748481e-01,-3.785103785103771656e-01,-1.014285714285714590e+01
1.914934873580932617e+00,4.000000000000000000e+00,-1.997024490730137103e-01,-2.808302808302798326e-01,-1.444444444444442865e+00
1.918384075164794922e+00,1.000000000000000000e+00,2.038986800946052114e-01,-4.029304029304014989e-01,-1.017460317460317754e+01
1.921818017959594727e+00,4.000000000000000000e+00,-2.000839246204311195e-01,-2.564102564102554993e-01,-1.507936507936506132e+00
1.925209999084472656e+00,1.000000000000000000e+00,2.023727779049355746e-01,-4.029304029304014989e-01,-1.011111111111111427e+01
1.928712129592895508e+00,4.000000000000000000e+00,-2.008468757152659379e-01,-2.319902319902311660e-01,-1.476190476190474499e+00
1.932044982910156250e+00,1.000000000000000000e+00,2.008468757152659379e-01,-4.029304029304014989e-01,-9.920634920634917364e+00
1.935446977615356445e+00,4.000000000000000000e+00,-2.016098268101007562e-01,-2.564102564102554993e-01,-1.507936507936506132e+00
1.938773155212402344e+00,1.000000000000000000e+00,1.993209735255963011e-01,-4.273504273504258322e-01,-1.007936507936508264e+01
1.942214250564575195e+00,4.000000000000000000e+00,-2.027542534523529838e-01,-2.564102564102554993e-01,-1.539682539682537765e+00
1.945698261260986328e+00,1.000000000000000000e+00,1.981765468833440735e-01,-4.273504273504258322e-01,-9.984126984126980631e+00
1.949121236801147461e+00,1.000000000000000000e+00,1.966506446936744368e-01,-4.273504273504258322e-01,-9.920634920634917364e+00
1.952552080154418945e+00,4.000000000000000000e+00,-2.031357289997703930e-01,-2.564102564102554993e-01,-1.507936507936506132e+00
1.955974578857421875e+00,4.000000000000000000e+00,-2.042801556420226206e-01,-2.564102564102554993e-01,-1.476190476190474499e+00
1.959473371505737305e+00,1.000000000000000000e+00,1.951247425040048000e-01,-4.517704517704501654e-01,-9.825396825396822464e+00
1.962942123413085938e+00,4.000000000000000000e+00,-2.050431067368574389e-01,-2.808302808302798326e-01,-1.444444444444442865e+00
1.966379642486572266e+00,1.000000000000000000e+00,1.932173647669177541e-01,-4.761904761904744987e-01,-9.857142857142854098e+00
1.969809532165527344e+00,4.000000000000000000e+00,-2.058060578316922573e-01,-2.564102564102554993e-01,-1.476190476190474499e+00
1.973242521286010742e+00,1.000000000000000000e+00,1.916914625772481173e-01,-4.761904761904744987e-01,-9.666666666666664298e+00
1.976802825927734375e+00,4.000000000000000000e+00,-2.065690089265270757e-01,-2.564102564102554993e-01,-1.444444444444442865e+00
1.980253458023071289e+00,1.000000000000000000e+00,1.901655603875784806e-01,-4.761904761904744987e-01,-9.571428571428569398e+00
1.983679294586181641e+00,4.000000000000000000e+00,-2.077134355687793033e-01,-2.564102564102554993e-01,-1.476190476190474499e+00
1.987129688262939453e+00,1.000000000000000000e+00,1.882581826504914346e-01,-5.006105006104988320e-01,-9.539682539682537765e+00
1.990557670593261719e+00,4.000000000000000000e+00,-2.084763866636141216e-01,-2.564102564102554993e-01,-1.507936507936506132e+00
1.993993997573852539e+00,1.000000000000000000e+00,1.863508049134043887e-01,-5.250305250305231652e-01,-9.412698412698411232e+00
1.997428178787231445e+00,4.000000000000000000e+00,-2.092393377584489400e-01,-2.319902319902311660e-01,-1.444444444444442865e+00
2.000870466232299805e+00,1.000000000000000000e+00,1.848249027237347519e-01,-5.006105006104988320e-01,-9.285714285714284699e+00
2.004301309585571289e+00,4.000000000000000000e+00,-2.100022888532837584e-01,-2.564102564102554993e-01,-1.380952380952379599e+00
2.007847547531127930e+00,1.000000000000000000e+00,1.825360494392302968e-01,-5.494505494505474985e-01,-9.031746031746031633e+00
2.011314868927001953e+00,4.000000000000000000e+00,-2.107652399481185768e-01,-2.564102564102554993e-01,-1.412698412698411232e+00
2.014770269393920898e+00,1.000000000000000000e+00,1.798657206073084325e-01,-6.227106227106204983e-01,-8.873015873015873467e+00
2.018216371536254883e+00,4.000000000000000000e+00,-2.115281910429533951e-01,-2.564102564102554993e-01,-1.380952380952379599e+00
2.021645545959472656e+00,1.000000000000000000e+00,1.768139162279691590e-01,-6.959706959706934981e-01,-8.587301587301588768e+00
2.025097370147705078e+00,4.000000000000000000e+00,-2.122911421377882135e-01,-2.319902319902311660e-01,-1.380952380952379599e+00
2.028427124023437500e+00,1.000000000000000000e+00,1.741435873960472946e-01,-7.448107448107421646e-01,-8.365079365079367335e+00
2.031870365142822266e+00,4.000000000000000000e+00,-2.130540932326230319e-01,-2.319902319902311660e-01,-1.380952380952379599e+00
2.035236835479736328e+00,1.000000000000000000e+00,1.718547341115428395e-01,-7.203907203907178314e-01,-8.174603174603177536e+00
2.038565158843994141e+00,4.000000000000000000e+00,-2.141985198748752595e-01,-2.564102564102554993e-01,-1.380952380952379599e+00
2.041800498962402344e+00,1.000000000000000000e+00,1.699473563744557936e-01,-6.959706959706934981e-01,-8.079365079365082636e+00
2.045085191726684570e+00,4.000000000000000000e+00,-2.145799954222926686e-01,-2.319902319902311660e-01,-1.349206349206347966e+00
2.048413515090942383e+00,1.000000000000000000e+00,1.676585030899513384e-01,-6.959706959706934981e-01,-7.952380952380948997e+00
2.051661491394042969e+00,4.000000000000000000e+00,-2.153429465171274870e-01,-2.319902319902311660e-01,-1.349206349206347966e+00
2.055155277252197266e+00,1.000000000000000000e+00,1.649881742580294741e-01,-6.959706959706934981e-01,-7.857142857142854098e+00
2.058602571487426758e+00,4.000000000000000000e+00,-2.161058976119623054e-01,-2.319902319902311660e-01,-1.412698412698411232e+00
2.061995506286621094e+00,1.000000000000000000e+00,1.626993209735250190e-01,-6.959706959706934981e-01,-7.666666666666664298e+00
2.065446138381958008e+00,4.000000000000000000e+00,-2.164873731593797146e-01,-2.075702075702068328e-01,-1.412698412698411232e+00
2.068918943405151367e+00,1.000000000000000000e+00,1.600289921416031547e-01,-7.203907203907178314e-01,-7.571428571428569398e+00
2.072308301925659180e+00,4.000000000000000000e+00,-2.172503242542145330e-01,-2.075702075702068328e-01,-1.476190476190474499e+00
2.075574636459350586e+00,1.000000000000000000e+00,1.577401388570986995e-01,-6.959706959706934981e-01,-7.412698412698411232e+00
2.078883647918701172e+00,4.000000000000000000e+00,-2.176317998016319422e-01,-1.831501831501824995e-01,-1.476190476190474499e+00
2.082200288772583008e+00,1.000000000000000000e+00,1.558327611200116536e-01,-6.715506715506691648e-01,-7.253968253968253066e+00
2.085520267486572266e+00,4.000000000000000000e+00,-2.183947508964667605e-01,-1.831501831501824995e-01,-1.507936507936506132e+00
2.088992595672607422e+00,1.000000000000000000e+00,1.531624322880897893e-01,-6.959706959706934981e-01,-7.126984126984126533e+00
2.092439651489257812e+00,4.000000000000000000e+00,-2.187762264438841697e-01,-1.587301587301581662e-01,-1.539682539682537765e+00
2.095896482467651367e+00,1.000000000000000000e+00,1.508735790035853341e-01,-6.959706959706934981e-01,-7.095238095238094900e+00
2.099230289459228516e+00,4.000000000000000000e+00,-2.191577019913015789e-01,-1.587301587301581662e-01,-1.539682539682537765e+00
2.102798223495483398e+00,1.000000000000000000e+00,1.489662012664982882e-01,-6.715506715506691648e-01,-6.968253968253968367e+00
2.106039762496948242e+00,4.000000000000000000e+00,-2.199206530861363973e-01,-1.587301587301581662e-01,-1.571428571428569398e+00
2.109539031982421875e+00,1.000000000000000000e+00,1.462958724345764239e-01,-6.959706959706934981e-01,-6.841269841269841834e+00
2.114174365997314453e+00,4.000000000000000000e+00,-2.203021286335538065e-01,-1.587301587301581662e-01,-1.634920634920632665e+00
2.119683504104614258e+00,1.000000000000000000e+00,1.440070191500719687e-01,-6.959706959706934981e-01,-6.714285714285715301e+00
2.125188827514648438e+00,4.000000000000000000e+00,-2.206836041809712157e-01,-1.343101343101338330e-01,-1.634920634920632665e+00
2.131172657012939453e+00,1.000000000000000000e+00,1.417181658655675136e-01,-6.715506715506691648e-01,-6.523809523809525501e+00
2.137156724929809570e+00,4.000000000000000000e+00,-2.210650797283886249e-01,-1.587301587301581662e-01,-1.603174603174601032e+00
2.142661333084106445e+00,1.000000000000000000e+00,1.394293125810630585e-01,-6.715506715506691648e-01,-6.523809523809525501e+00
2.147989511489868164e+00,4.000000000000000000e+00,-2.218280308232234432e-01,-1.587301587301581662e-01,-1.634920634920632665e+00
2.153493404388427734e+00,4.000000000000000000e+00,-2.222095063706408524e-01,-1.587301587301581662e-01,-1.634920634920632665e+00
2.158997058868408203e+00,1.000000000000000000e+00,1.356145571068889666e-01,-6.471306471306448316e-01,-6.174603174603177536e+00
2.164504289627075195e+00,4.000000000000000000e+00,-2.229724574654756708e-01,-1.831501831501824995e-01,-1.603174603174601032e+00
2.170008182525634766e+00,1.000000000000000000e+00,1.333257038223845115e-01,-6.471306471306448316e-01,-6.269841269841272435e+00
2.175511598587036133e+00,4.000000000000000000e+00,-2.237354085603104892e-01,-1.831501831501824995e-01,-1.603174603174601032e+00
2.181495666503906250e+00,1.000000000000000000e+00,1.314183260852974655e-01,-6.471306471306448316e-01,-6.269841269841272435e+00
2.186999797821044922e+00,4.000000000000000000e+00,-2.241168841077278984e-01,-1.831501831501824995e-01,-1.571428571428569398e+00
2.192509412765502930e+00,1.000000000000000000e+00,1.295109483482104196e-01,-5.982905982905961650e-01,-6.238095238095240802e+00
2.198491811752319336e+00,4.000000000000000000e+00,-2.248798352025627167e-01,-2.075702075702068328e-01,-1.539682539682537765e+00
2.203996658325195312e+00,1.000000000000000000e+00,1.276035706111233736e-01,-5.982905982905961650e-01,-6.174603174603177536e+00
2.209495306015014648e+00,4.000000000000000000e+00,-2.256427862973975351e-01,-1.831501831501824995e-01,-1.476190476190474499e+00
2.214999914169311523e+00,1.000000000000000000e+00,1.256961928740363277e-01,-5.738705738705718318e-01,-6.174603174603177536e+00
2.220503807067871094e+00,4.000000000000000000e+00,-2.264057373922323535e-01,-2.075702075702068328e-01,-1.444444444444442865e+00
